ISO-10303-21;
HEADER;
/* Generated by software containing ST-Developer
 * from STEP Tools, Inc. (www.steptools.com) 
 */
/* OPTION: using custom renumber hook */

FILE_DESCRIPTION(
/* description */ ('STEP AP242 Edition 2',
'CAx-IF Rec.Pracs.---Representation and Presentation of Product Manufa
cturing Information (PMI)---4.0---2014-10-13',
'CAx-IF Rec.Pracs.---3D Tessellated Geometry---0.4---2014-09-14','2;1',
'CAx-IF Rec.Pracs.---User Defined Attributes---1.5---2016-08-15'),
/* implementation_level */ '2;1');

FILE_NAME(
/* name */ 'BoxTemplate-ScrewedTop - Box',
/* time_stamp */ '2026-06-08T23:23:56Z',
/* author */ (''),
/* organization */ (''),
/* preprocessor_version */ 'ST-DEVELOPER v20',
/* originating_system */ 'ONSHAPE BY PTC INC, 1.216',
/* authorisation */ '  ');

FILE_SCHEMA (('AP242_MANAGED_MODEL_BASED_3D_ENGINEERING_MIM_LF { 1 0 10303 442 3 1 4 }'));
ENDSEC;

DATA;
#10=SHAPE_REPRESENTATION_RELATIONSHIP('','',#2133,#11);
#11=ADVANCED_BREP_SHAPE_REPRESENTATION('',(#2131),#3891);
#12=TOROIDAL_SURFACE('',#2349,0.009,0.005);
#13=TOROIDAL_SURFACE('',#2353,0.009,0.005);
#14=TOROIDAL_SURFACE('',#2367,0.009,0.005);
#15=TOROIDAL_SURFACE('',#2371,0.009,0.005);
#16=SPHERICAL_SURFACE('',#2234,0.001);
#17=SPHERICAL_SURFACE('',#2236,0.001);
#18=SPHERICAL_SURFACE('',#2242,0.001);
#19=SPHERICAL_SURFACE('',#2244,0.001);
#20=CYLINDRICAL_SURFACE('',#2165,0.004);
#21=CYLINDRICAL_SURFACE('',#2171,0.004);
#22=CYLINDRICAL_SURFACE('',#2176,0.004);
#23=CYLINDRICAL_SURFACE('',#2182,0.004);
#24=CYLINDRICAL_SURFACE('',#2187,0.001);
#25=CYLINDRICAL_SURFACE('',#2189,0.001);
#26=CYLINDRICAL_SURFACE('',#2193,0.001);
#27=CYLINDRICAL_SURFACE('',#2196,0.001);
#28=CYLINDRICAL_SURFACE('',#2231,0.001);
#29=CYLINDRICAL_SURFACE('',#2238,0.001);
#30=CYLINDRICAL_SURFACE('',#2240,0.001);
#31=CYLINDRICAL_SURFACE('',#2246,0.001);
#32=CYLINDRICAL_SURFACE('',#2247,0.0024);
#33=CYLINDRICAL_SURFACE('',#2248,0.0024);
#34=CYLINDRICAL_SURFACE('',#2249,0.0024);
#35=CYLINDRICAL_SURFACE('',#2250,0.0024);
#36=CYLINDRICAL_SURFACE('',#2251,0.004);
#37=CYLINDRICAL_SURFACE('',#2253,0.004);
#38=CYLINDRICAL_SURFACE('',#2255,0.004);
#39=CYLINDRICAL_SURFACE('',#2257,0.004);
#40=CYLINDRICAL_SURFACE('',#2259,0.001);
#41=CYLINDRICAL_SURFACE('',#2261,0.001);
#42=CYLINDRICAL_SURFACE('',#2264,0.001);
#43=CYLINDRICAL_SURFACE('',#2266,0.001);
#44=CYLINDRICAL_SURFACE('',#2269,0.001);
#45=CYLINDRICAL_SURFACE('',#2273,0.001);
#46=CYLINDRICAL_SURFACE('',#2277,0.001);
#47=CYLINDRICAL_SURFACE('',#2278,0.001);
#48=CYLINDRICAL_SURFACE('',#2281,0.001);
#49=CYLINDRICAL_SURFACE('',#2284,0.001);
#50=CYLINDRICAL_SURFACE('',#2286,0.001);
#51=CYLINDRICAL_SURFACE('',#2289,0.001);
#52=CYLINDRICAL_SURFACE('',#2291,0.004);
#53=CYLINDRICAL_SURFACE('',#2294,0.004);
#54=CYLINDRICAL_SURFACE('',#2295,0.004);
#55=CYLINDRICAL_SURFACE('',#2298,0.004);
#56=CYLINDRICAL_SURFACE('',#2299,0.00135);
#57=CYLINDRICAL_SURFACE('',#2300,0.00135);
#58=CYLINDRICAL_SURFACE('',#2301,0.00135);
#59=CYLINDRICAL_SURFACE('',#2302,0.00135);
#60=CYLINDRICAL_SURFACE('',#2307,0.004);
#61=CYLINDRICAL_SURFACE('',#2311,0.00125);
#62=CYLINDRICAL_SURFACE('',#2313,0.004);
#63=CYLINDRICAL_SURFACE('',#2317,0.00125);
#64=CYLINDRICAL_SURFACE('',#2319,0.004);
#65=CYLINDRICAL_SURFACE('',#2323,0.00125);
#66=CYLINDRICAL_SURFACE('',#2325,0.004);
#67=CYLINDRICAL_SURFACE('',#2329,0.00125);
#68=CYLINDRICAL_SURFACE('',#2345,0.005);
#69=CYLINDRICAL_SURFACE('',#2346,0.005);
#70=CYLINDRICAL_SURFACE('',#2347,0.01);
#71=CYLINDRICAL_SURFACE('',#2348,0.01);
#72=CYLINDRICAL_SURFACE('',#2351,0.005);
#73=CYLINDRICAL_SURFACE('',#2354,0.00225);
#74=CYLINDRICAL_SURFACE('',#2355,0.00225);
#75=CYLINDRICAL_SURFACE('',#2366,0.005);
#76=CYLINDRICAL_SURFACE('',#2369,0.005);
#77=CYLINDRICAL_SURFACE('',#2372,0.005);
#78=CYLINDRICAL_SURFACE('',#2373,0.01);
#79=CYLINDRICAL_SURFACE('',#2374,0.01);
#80=CYLINDRICAL_SURFACE('',#2375,0.00225);
#81=CYLINDRICAL_SURFACE('',#2376,0.00225);
#82=ELLIPSE('',#2163,0.005,0.004);
#83=ELLIPSE('',#2164,0.005,0.004);
#84=ELLIPSE('',#2166,0.005,0.004);
#85=ELLIPSE('',#2168,0.005,0.004);
#86=ELLIPSE('',#2170,0.005,0.004);
#87=ELLIPSE('',#2173,0.005,0.004);
#88=ELLIPSE('',#2174,0.005,0.004);
#89=ELLIPSE('',#2175,0.005,0.004);
#90=ELLIPSE('',#2177,0.005,0.004);
#91=ELLIPSE('',#2179,0.005,0.004);
#92=ELLIPSE('',#2181,0.005,0.004);
#93=ELLIPSE('',#2184,0.005,0.004);
#94=ELLIPSE('',#2292,0.005,0.004);
#95=ELLIPSE('',#2293,0.005,0.004);
#96=ELLIPSE('',#2296,0.005,0.004);
#97=ELLIPSE('',#2297,0.005,0.004);
#98=B_SPLINE_CURVE_WITH_KNOTS('',3,(#3143,#3144,#3145,#3146),
 .UNSPECIFIED.,.F.,.F.,(4,4),(0.,0.000475277985740662),.UNSPECIFIED.);
#99=B_SPLINE_CURVE_WITH_KNOTS('',3,(#3153,#3154,#3155,#3156,#3157,#3158,
#3159,#3160,#3161),.UNSPECIFIED.,.F.,.F.,(4,1,1,1,1,1,4),(0.00232418449519669,
0.00330211927070324,0.00428005404620978,0.00476902143396305,0.00525798882171633,
0.0057469562094696,0.00623592359722287),.UNSPECIFIED.);
#100=B_SPLINE_CURVE_WITH_KNOTS('',3,(#3168,#3169,#3170,#3171),
 .UNSPECIFIED.,.F.,.F.,(4,4),(0.,0.000642402893911456),.UNSPECIFIED.);
#101=B_SPLINE_CURVE_WITH_KNOTS('',3,(#3175,#3176,#3177,#3178,#3179),
 .UNSPECIFIED.,.F.,.F.,(4,1,4),(0.,0.00153914727705189,0.00307829455410378),
 .UNSPECIFIED.);
#102=B_SPLINE_CURVE_WITH_KNOTS('',3,(#3199,#3200,#3201,#3202,#3203),
 .UNSPECIFIED.,.F.,.F.,(4,1,4),(0.,0.000636776229141836,0.00127355245828367),
 .UNSPECIFIED.);
#103=B_SPLINE_CURVE_WITH_KNOTS('',3,(#3209,#3210,#3211,#3212,#3213,#3214,
#3215,#3216,#3217),.UNSPECIFIED.,.F.,.F.,(4,1,1,1,1,1,4),(0.000706522126849894,
0.00119663283925594,0.00168674355166198,0.00217685426406802,0.00266696497647406,
0.00364718640128614,0.00462740782609823),.UNSPECIFIED.);
#104=B_SPLINE_CURVE_WITH_KNOTS('',3,(#3221,#3222,#3223,#3224,#3225),
 .UNSPECIFIED.,.F.,.F.,(4,1,4),(0.,0.00153914727705189,0.00307829455410379),
 .UNSPECIFIED.);
#105=B_SPLINE_CURVE_WITH_KNOTS('',3,(#3229,#3230,#3231,#3232),
 .UNSPECIFIED.,.F.,.F.,(4,4),(0.,0.000642413966531487),.UNSPECIFIED.);
#106=B_SPLINE_CURVE_WITH_KNOTS('',3,(#3248,#3249,#3250,#3251),
 .UNSPECIFIED.,.F.,.F.,(4,4),(0.,0.000475277985740662),.UNSPECIFIED.);
#107=B_SPLINE_CURVE_WITH_KNOTS('',3,(#3258,#3259,#3260,#3261,#3262,#3263,
#3264,#3265,#3266),.UNSPECIFIED.,.F.,.F.,(4,1,1,1,1,1,4),(0.00232418449519669,
0.00330211927070324,0.00428005404620978,0.00476902143396305,0.00525798882171633,
0.0057469562094696,0.00623592359722287),.UNSPECIFIED.);
#108=B_SPLINE_CURVE_WITH_KNOTS('',3,(#3273,#3274,#3275,#3276),
 .UNSPECIFIED.,.F.,.F.,(4,4),(0.,0.000642402893911456),.UNSPECIFIED.);
#109=B_SPLINE_CURVE_WITH_KNOTS('',3,(#3280,#3281,#3282,#3283,#3284),
 .UNSPECIFIED.,.F.,.F.,(4,1,4),(0.,0.00153914727705189,0.00307829455410378),
 .UNSPECIFIED.);
#110=B_SPLINE_CURVE_WITH_KNOTS('',3,(#3301,#3302,#3303,#3304,#3305),
 .UNSPECIFIED.,.F.,.F.,(4,1,4),(0.,0.000636776229141836,0.00127355245828367),
 .UNSPECIFIED.);
#111=B_SPLINE_CURVE_WITH_KNOTS('',3,(#3311,#3312,#3313,#3314,#3315,#3316,
#3317,#3318,#3319),.UNSPECIFIED.,.F.,.F.,(4,1,1,1,1,1,4),(0.000706522126849842,
0.0011966328392559,0.00168674355166195,0.00217685426406801,0.00266696497647406,
0.00364718640128617,0.00462740782609828),.UNSPECIFIED.);
#112=B_SPLINE_CURVE_WITH_KNOTS('',3,(#3323,#3324,#3325,#3326,#3327),
 .UNSPECIFIED.,.F.,.F.,(4,1,4),(0.,0.00153914727705189,0.00307829455410379),
 .UNSPECIFIED.);
#113=B_SPLINE_CURVE_WITH_KNOTS('',3,(#3331,#3332,#3333,#3334),
 .UNSPECIFIED.,.F.,.F.,(4,4),(0.,0.000642413966531487),.UNSPECIFIED.);
#114=B_SPLINE_CURVE_WITH_KNOTS('',3,(#3532,#3533,#3534,#3535,#3536),
 .UNSPECIFIED.,.F.,.F.,(4,1,4),(0.,0.00153914727705189,0.00307829455410379),
 .UNSPECIFIED.);
#115=B_SPLINE_CURVE_WITH_KNOTS('',3,(#3544,#3545,#3546,#3547),
 .UNSPECIFIED.,.F.,.F.,(4,4),(0.,0.000642402893911453),.UNSPECIFIED.);
#116=B_SPLINE_CURVE_WITH_KNOTS('',3,(#3551,#3552,#3553,#3554),
 .UNSPECIFIED.,.F.,.F.,(4,4),(0.,0.000642413966531487),.UNSPECIFIED.);
#117=B_SPLINE_CURVE_WITH_KNOTS('',3,(#3562,#3563,#3564,#3565,#3566),
 .UNSPECIFIED.,.F.,.F.,(4,1,4),(0.,0.00153914727705189,0.00307829455410378),
 .UNSPECIFIED.);
#118=B_SPLINE_CURVE_WITH_KNOTS('',3,(#3577,#3578,#3579,#3580,#3581),
 .UNSPECIFIED.,.F.,.F.,(4,1,4),(0.,0.00153914727705189,0.00307829455410378),
 .UNSPECIFIED.);
#119=B_SPLINE_CURVE_WITH_KNOTS('',3,(#3583,#3584,#3585,#3586,#3587),
 .UNSPECIFIED.,.F.,.F.,(4,1,4),(0.,0.00153914727705189,0.00307829455410379),
 .UNSPECIFIED.);
#120=B_SPLINE_CURVE_WITH_KNOTS('',3,(#3595,#3596,#3597,#3598),
 .UNSPECIFIED.,.F.,.F.,(4,4),(0.,0.000642402893911453),.UNSPECIFIED.);
#121=B_SPLINE_CURVE_WITH_KNOTS('',3,(#3602,#3603,#3604,#3605),
 .UNSPECIFIED.,.F.,.F.,(4,4),(0.,0.000642413966531487),.UNSPECIFIED.);
#122=B_SPLINE_CURVE_WITH_KNOTS('',3,(#3623,#3624,#3625,#3626,#3627,#3628,
#3629,#3630,#3631),.UNSPECIFIED.,.F.,.F.,(4,1,1,1,1,1,4),(0.000706522126849842,
0.00119663283925589,0.00168674355166194,0.00217685426406799,0.00266696497647404,
0.00364718640128614,0.00462740782609824),.UNSPECIFIED.);
#123=B_SPLINE_CURVE_WITH_KNOTS('',3,(#3649,#3650,#3651,#3652,#3653),
 .UNSPECIFIED.,.F.,.F.,(4,1,4),(0.,0.000636776229141836,0.00127355245828367),
 .UNSPECIFIED.);
#124=B_SPLINE_CURVE_WITH_KNOTS('',3,(#3655,#3656,#3657,#3658,#3659,#3660,
#3661,#3662,#3663),.UNSPECIFIED.,.F.,.F.,(4,1,1,1,1,1,4),(0.00232418449519669,
0.00330211927070323,0.00428005404620977,0.00476902143396304,0.00525798882171631,
0.00574695620946959,0.00623592359722286),.UNSPECIFIED.);
#125=B_SPLINE_CURVE_WITH_KNOTS('',3,(#3676,#3677,#3678,#3679),
 .UNSPECIFIED.,.F.,.F.,(4,4),(0.,0.000475277985740627),.UNSPECIFIED.);
#126=B_SPLINE_CURVE_WITH_KNOTS('',3,(#3683,#3684,#3685,#3686,#3687,#3688,
#3689,#3690,#3691),.UNSPECIFIED.,.F.,.F.,(4,1,1,1,1,1,4),(0.000706522126849894,
0.00119663283925593,0.00168674355166197,0.002176854264068,0.00266696497647404,
0.00364718640128611,0.00462740782609818),.UNSPECIFIED.);
#127=B_SPLINE_CURVE_WITH_KNOTS('',3,(#3709,#3710,#3711,#3712,#3713),
 .UNSPECIFIED.,.F.,.F.,(4,1,4),(0.,0.000636776229141836,0.00127355245828367),
 .UNSPECIFIED.);
#128=B_SPLINE_CURVE_WITH_KNOTS('',3,(#3715,#3716,#3717,#3718,#3719,#3720,
#3721,#3722,#3723),.UNSPECIFIED.,.F.,.F.,(4,1,1,1,1,1,4),(0.00232418449519669,
0.00330211927070323,0.00428005404620977,0.00476902143396304,0.00525798882171631,
0.00574695620946959,0.00623592359722286),.UNSPECIFIED.);
#129=B_SPLINE_CURVE_WITH_KNOTS('',3,(#3736,#3737,#3738,#3739),
 .UNSPECIFIED.,.F.,.F.,(4,4),(0.,0.000475277985740627),.UNSPECIFIED.);
#130=B_SPLINE_CURVE_WITH_KNOTS('',3,(#3819,#3820,#3821,#3822,#3823,#3824),
 .UNSPECIFIED.,.F.,.F.,(4,1,1,4),(1.0842021724855E-19,0.00174016909096525,
0.0034803381819305,0.00696067636386099),.UNSPECIFIED.);
#131=B_SPLINE_CURVE_WITH_KNOTS('',3,(#3826,#3827,#3828,#3829,#3830,#3831),
 .UNSPECIFIED.,.F.,.F.,(4,1,1,4),(1.0842021724855E-19,0.00174016909096525,
0.00348033818193051,0.00696067636386102),.UNSPECIFIED.);
#132=B_SPLINE_CURVE_WITH_KNOTS('',3,(#3868,#3869,#3870,#3871,#3872,#3873),
 .UNSPECIFIED.,.F.,.F.,(4,1,1,4),(0.,0.00174016909096526,0.00348033818193051,
0.00696067636386102),.UNSPECIFIED.);
#133=B_SPLINE_CURVE_WITH_KNOTS('',3,(#3879,#3880,#3881,#3882,#3883,#3884),
 .UNSPECIFIED.,.F.,.F.,(4,1,1,4),(0.,0.00174016909096525,0.00348033818193049,
0.00696067636386099),.UNSPECIFIED.);
#134=(
BOUNDED_SURFACE()
B_SPLINE_SURFACE(3,2,((#3131,#3132,#3133),(#3134,#3135,#3136),(#3137,#3138,
#3139),(#3140,#3141,#3142)),.UNSPECIFIED.,.F.,.F.,.F.)
B_SPLINE_SURFACE_WITH_KNOTS((4,4),(3,3),(4.71238898038469,5.05220182962566),
(0.,1.),.PIECEWISE_BEZIER_KNOTS.)
GEOMETRIC_REPRESENTATION_ITEM()
RATIONAL_B_SPLINE_SURFACE(((1.,1.,1.),(1.,0.999999999999546,1.),(1.,0.990142870111412,
1.),(1.,0.971829205989826,1.)))
REPRESENTATION_ITEM('')
SURFACE()
);
#135=(
BOUNDED_SURFACE()
B_SPLINE_SURFACE(3,2,((#3184,#3185,#3186),(#3187,#3188,#3189),(#3190,#3191,
#3192),(#3193,#3194,#3195),(#3196,#3197,#3198)),.UNSPECIFIED.,.F.,.F.,.F.)
B_SPLINE_SURFACE_WITH_KNOTS((4,1,4),(3,3),(5.71206625282618,5.99762578000288,
6.28318530717959),(0.,1.),.UNSPECIFIED.)
GEOMETRIC_REPRESENTATION_ITEM()
RATIONAL_B_SPLINE_SURFACE(((1.,0.803809703968404,1.),(1.,0.776882183628645,
1.),(1.,0.727258194788398,1.),(1.,0.707106781190907,1.),(1.,0.707106781186548,
1.)))
REPRESENTATION_ITEM('')
SURFACE()
);
#136=(
BOUNDED_SURFACE()
B_SPLINE_SURFACE(3,2,((#3236,#3237,#3238),(#3239,#3240,#3241),(#3242,#3243,
#3244),(#3245,#3246,#3247)),.UNSPECIFIED.,.F.,.F.,.F.)
B_SPLINE_SURFACE_WITH_KNOTS((4,4),(3,3),(4.71238898038469,5.05220182962566),
(0.,1.),.PIECEWISE_BEZIER_KNOTS.)
GEOMETRIC_REPRESENTATION_ITEM()
RATIONAL_B_SPLINE_SURFACE(((1.,1.,1.),(1.,0.999999999999546,1.),(1.,0.990142870111412,
1.),(1.,0.971829205989826,1.)))
REPRESENTATION_ITEM('')
SURFACE()
);
#137=(
BOUNDED_SURFACE()
B_SPLINE_SURFACE(3,2,((#3286,#3287,#3288),(#3289,#3290,#3291),(#3292,#3293,
#3294),(#3295,#3296,#3297),(#3298,#3299,#3300)),.UNSPECIFIED.,.F.,.F.,.F.)
B_SPLINE_SURFACE_WITH_KNOTS((4,1,4),(3,3),(5.71206625282618,5.99762578000288,
6.28318530717959),(0.,1.),.UNSPECIFIED.)
GEOMETRIC_REPRESENTATION_ITEM()
RATIONAL_B_SPLINE_SURFACE(((1.,0.803809703968404,1.),(1.,0.776882183628645,
1.),(1.,0.727258194788398,1.),(1.,0.707106781190907,1.),(1.,0.707106781186548,
1.)))
REPRESENTATION_ITEM('')
SURFACE()
);
#138=(
BOUNDED_SURFACE()
B_SPLINE_SURFACE(3,2,((#3632,#3633,#3634),(#3635,#3636,#3637),(#3638,#3639,
#3640),(#3641,#3642,#3643),(#3644,#3645,#3646)),.UNSPECIFIED.,.F.,.F.,.F.)
B_SPLINE_SURFACE_WITH_KNOTS((4,1,4),(3,3),(5.71206625282618,5.99762578000288,
6.28318530717959),(0.,1.),.UNSPECIFIED.)
GEOMETRIC_REPRESENTATION_ITEM()
RATIONAL_B_SPLINE_SURFACE(((1.,0.803809703968404,1.),(1.,0.776882183628645,
1.),(1.,0.727258194788398,1.),(1.,0.707106781190907,1.),(1.,0.707106781186548,
1.)))
REPRESENTATION_ITEM('')
SURFACE()
);
#139=(
BOUNDED_SURFACE()
B_SPLINE_SURFACE(3,2,((#3664,#3665,#3666),(#3667,#3668,#3669),(#3670,#3671,
#3672),(#3673,#3674,#3675)),.UNSPECIFIED.,.F.,.F.,.F.)
B_SPLINE_SURFACE_WITH_KNOTS((4,4),(3,3),(4.71238898038469,5.05220182962566),
(0.,1.),.PIECEWISE_BEZIER_KNOTS.)
GEOMETRIC_REPRESENTATION_ITEM()
RATIONAL_B_SPLINE_SURFACE(((1.,1.,1.),(1.,0.999999999999546,1.),(1.,0.990142870111412,
1.),(1.,0.971829205989826,1.)))
REPRESENTATION_ITEM('')
SURFACE()
);
#140=(
BOUNDED_SURFACE()
B_SPLINE_SURFACE(3,2,((#3692,#3693,#3694),(#3695,#3696,#3697),(#3698,#3699,
#3700),(#3701,#3702,#3703),(#3704,#3705,#3706)),.UNSPECIFIED.,.F.,.F.,.F.)
B_SPLINE_SURFACE_WITH_KNOTS((4,1,4),(3,3),(5.71206625282618,5.99762578000288,
6.28318530717959),(0.,1.),.UNSPECIFIED.)
GEOMETRIC_REPRESENTATION_ITEM()
RATIONAL_B_SPLINE_SURFACE(((1.,0.803809703968404,1.),(1.,0.776882183628645,
1.),(1.,0.727258194788398,1.),(1.,0.707106781190907,1.),(1.,0.707106781186548,
1.)))
REPRESENTATION_ITEM('')
SURFACE()
);
#141=(
BOUNDED_SURFACE()
B_SPLINE_SURFACE(3,2,((#3724,#3725,#3726),(#3727,#3728,#3729),(#3730,#3731,
#3732),(#3733,#3734,#3735)),.UNSPECIFIED.,.F.,.F.,.F.)
B_SPLINE_SURFACE_WITH_KNOTS((4,4),(3,3),(4.71238898038469,5.05220182962566),
(0.,1.),.PIECEWISE_BEZIER_KNOTS.)
GEOMETRIC_REPRESENTATION_ITEM()
RATIONAL_B_SPLINE_SURFACE(((1.,1.,1.),(1.,0.999999999999546,1.),(1.,0.990142870111412,
1.),(1.,0.971829205989826,1.)))
REPRESENTATION_ITEM('')
SURFACE()
);
#142=LINE('',#3007,#280);
#143=LINE('',#3010,#281);
#144=LINE('',#3012,#282);
#145=LINE('',#3014,#283);
#146=LINE('',#3020,#284);
#147=LINE('',#3023,#285);
#148=LINE('',#3025,#286);
#149=LINE('',#3027,#287);
#150=LINE('',#3029,#288);
#151=LINE('',#3031,#289);
#152=LINE('',#3033,#290);
#153=LINE('',#3035,#291);
#154=LINE('',#3036,#292);
#155=LINE('',#3039,#293);
#156=LINE('',#3041,#294);
#157=LINE('',#3043,#295);
#158=LINE('',#3045,#296);
#159=LINE('',#3048,#297);
#160=LINE('',#3050,#298);
#161=LINE('',#3052,#299);
#162=LINE('',#3053,#300);
#163=LINE('',#3056,#301);
#164=LINE('',#3058,#302);
#165=LINE('',#3060,#303);
#166=LINE('',#3069,#304);
#167=LINE('',#3073,#305);
#168=LINE('',#3077,#306);
#169=LINE('',#3082,#307);
#170=LINE('',#3086,#308);
#171=LINE('',#3090,#309);
#172=LINE('',#3094,#310);
#173=LINE('',#3098,#311);
#174=LINE('',#3102,#312);
#175=LINE('',#3106,#313);
#176=LINE('',#3110,#314);
#177=LINE('',#3111,#315);
#178=LINE('',#3116,#316);
#179=LINE('',#3120,#317);
#180=LINE('',#3124,#318);
#181=LINE('',#3166,#319);
#182=LINE('',#3181,#320);
#183=LINE('',#3219,#321);
#184=LINE('',#3234,#322);
#185=LINE('',#3271,#323);
#186=LINE('',#3321,#324);
#187=LINE('',#3336,#325);
#188=LINE('',#3339,#326);
#189=LINE('',#3342,#327);
#190=LINE('',#3344,#328);
#191=LINE('',#3345,#329);
#192=LINE('',#3346,#330);
#193=LINE('',#3348,#331);
#194=LINE('',#3350,#332);
#195=LINE('',#3352,#333);
#196=LINE('',#3353,#334);
#197=LINE('',#3355,#335);
#198=LINE('',#3357,#336);
#199=LINE('',#3359,#337);
#200=LINE('',#3366,#338);
#201=LINE('',#3369,#339);
#202=LINE('',#3371,#340);
#203=LINE('',#3372,#341);
#204=LINE('',#3373,#342);
#205=LINE('',#3375,#343);
#206=LINE('',#3382,#344);
#207=LINE('',#3388,#345);
#208=LINE('',#3392,#346);
#209=LINE('',#3395,#347);
#210=LINE('',#3400,#348);
#211=LINE('',#3404,#349);
#212=LINE('',#3408,#350);
#213=LINE('',#3412,#351);
#214=LINE('',#3415,#352);
#215=LINE('',#3416,#353);
#216=LINE('',#3418,#354);
#217=LINE('',#3421,#355);
#218=LINE('',#3422,#356);
#219=LINE('',#3424,#357);
#220=LINE('',#3426,#358);
#221=LINE('',#3428,#359);
#222=LINE('',#3438,#360);
#223=LINE('',#3443,#361);
#224=LINE('',#3447,#362);
#225=LINE('',#3456,#363);
#226=LINE('',#3460,#364);
#227=LINE('',#3464,#365);
#228=LINE('',#3473,#366);
#229=LINE('',#3474,#367);
#230=LINE('',#3476,#368);
#231=LINE('',#3477,#369);
#232=LINE('',#3479,#370);
#233=LINE('',#3480,#371);
#234=LINE('',#3482,#372);
#235=LINE('',#3483,#373);
#236=LINE('',#3505,#374);
#237=LINE('',#3511,#375);
#238=LINE('',#3513,#376);
#239=LINE('',#3519,#377);
#240=LINE('',#3521,#378);
#241=LINE('',#3523,#379);
#242=LINE('',#3526,#380);
#243=LINE('',#3528,#381);
#244=LINE('',#3538,#382);
#245=LINE('',#3542,#383);
#246=LINE('',#3556,#384);
#247=LINE('',#3560,#385);
#248=LINE('',#3568,#386);
#249=LINE('',#3569,#387);
#250=LINE('',#3571,#388);
#251=LINE('',#3575,#389);
#252=LINE('',#3589,#390);
#253=LINE('',#3593,#391);
#254=LINE('',#3607,#392);
#255=LINE('',#3608,#393);
#256=LINE('',#3610,#394);
#257=LINE('',#3612,#395);
#258=LINE('',#3615,#396);
#259=LINE('',#3617,#397);
#260=LINE('',#3745,#398);
#261=LINE('',#3746,#399);
#262=LINE('',#3748,#400);
#263=LINE('',#3750,#401);
#264=LINE('',#3800,#402);
#265=LINE('',#3804,#403);
#266=LINE('',#3806,#404);
#267=LINE('',#3809,#405);
#268=LINE('',#3811,#406);
#269=LINE('',#3814,#407);
#270=LINE('',#3816,#408);
#271=LINE('',#3817,#409);
#272=LINE('',#3846,#410);
#273=LINE('',#3851,#411);
#274=LINE('',#3855,#412);
#275=LINE('',#3858,#413);
#276=LINE('',#3862,#414);
#277=LINE('',#3863,#415);
#278=LINE('',#3865,#416);
#279=LINE('',#3866,#417);
#280=VECTOR('',#2385,1.);
#281=VECTOR('',#2386,1.);
#282=VECTOR('',#2387,1.);
#283=VECTOR('',#2388,1.);
#284=VECTOR('',#2395,1.);
#285=VECTOR('',#2396,1.);
#286=VECTOR('',#2397,1.);
#287=VECTOR('',#2398,1.);
#288=VECTOR('',#2399,1.);
#289=VECTOR('',#2400,1.);
#290=VECTOR('',#2401,1.);
#291=VECTOR('',#2402,1.);
#292=VECTOR('',#2403,1.);
#293=VECTOR('',#2404,1.);
#294=VECTOR('',#2405,1.);
#295=VECTOR('',#2406,1.);
#296=VECTOR('',#2409,1.);
#297=VECTOR('',#2410,1.);
#298=VECTOR('',#2411,1.);
#299=VECTOR('',#2412,1.);
#300=VECTOR('',#2413,1.);
#301=VECTOR('',#2414,1.);
#302=VECTOR('',#2415,1.);
#303=VECTOR('',#2416,1.);
#304=VECTOR('',#2425,1.);
#305=VECTOR('',#2428,1.);
#306=VECTOR('',#2431,1.);
#307=VECTOR('',#2436,1.);
#308=VECTOR('',#2439,1.);
#309=VECTOR('',#2442,1.);
#310=VECTOR('',#2445,1.);
#311=VECTOR('',#2448,1.);
#312=VECTOR('',#2451,1.);
#313=VECTOR('',#2454,1.);
#314=VECTOR('',#2457,1.);
#315=VECTOR('',#2458,1.);
#316=VECTOR('',#2461,1.);
#317=VECTOR('',#2464,1.);
#318=VECTOR('',#2467,1.);
#319=VECTOR('',#2482,1.);
#320=VECTOR('',#2485,1.);
#321=VECTOR('',#2494,1.);
#322=VECTOR('',#2497,1.);
#323=VECTOR('',#2508,1.);
#324=VECTOR('',#2519,1.);
#325=VECTOR('',#2522,1.);
#326=VECTOR('',#2527,1.);
#327=VECTOR('',#2528,1.);
#328=VECTOR('',#2529,1.);
#329=VECTOR('',#2530,1.);
#330=VECTOR('',#2531,1.);
#331=VECTOR('',#2532,1.);
#332=VECTOR('',#2535,1.);
#333=VECTOR('',#2536,1.);
#334=VECTOR('',#2537,1.);
#335=VECTOR('',#2538,1.);
#336=VECTOR('',#2539,1.);
#337=VECTOR('',#2540,1.);
#338=VECTOR('',#2553,1.);
#339=VECTOR('',#2554,1.);
#340=VECTOR('',#2555,1.);
#341=VECTOR('',#2556,1.);
#342=VECTOR('',#2557,1.);
#343=VECTOR('',#2558,1.);
#344=VECTOR('',#2571,1.);
#345=VECTOR('',#2576,1.);
#346=VECTOR('',#2579,1.);
#347=VECTOR('',#2582,1.);
#348=VECTOR('',#2585,1.);
#349=VECTOR('',#2588,1.);
#350=VECTOR('',#2591,1.);
#351=VECTOR('',#2596,1.);
#352=VECTOR('',#2597,1.);
#353=VECTOR('',#2598,1.);
#354=VECTOR('',#2601,1.);
#355=VECTOR('',#2602,1.);
#356=VECTOR('',#2603,1.);
#357=VECTOR('',#2606,1.);
#358=VECTOR('',#2607,1.);
#359=VECTOR('',#2608,1.);
#360=VECTOR('',#2619,1.);
#361=VECTOR('',#2622,1.);
#362=VECTOR('',#2625,1.);
#363=VECTOR('',#2634,1.);
#364=VECTOR('',#2637,1.);
#365=VECTOR('',#2640,1.);
#366=VECTOR('',#2651,1.);
#367=VECTOR('',#2652,1.);
#368=VECTOR('',#2655,1.);
#369=VECTOR('',#2656,1.);
#370=VECTOR('',#2659,1.);
#371=VECTOR('',#2660,1.);
#372=VECTOR('',#2663,1.);
#373=VECTOR('',#2664,1.);
#374=VECTOR('',#2707,1.);
#375=VECTOR('',#2714,1.);
#376=VECTOR('',#2717,1.);
#377=VECTOR('',#2724,1.);
#378=VECTOR('',#2727,1.);
#379=VECTOR('',#2730,1.);
#380=VECTOR('',#2735,1.);
#381=VECTOR('',#2738,1.);
#382=VECTOR('',#2745,1.);
#383=VECTOR('',#2750,1.);
#384=VECTOR('',#2755,1.);
#385=VECTOR('',#2760,1.);
#386=VECTOR('',#2765,1.);
#387=VECTOR('',#2766,1.);
#388=VECTOR('',#2769,1.);
#389=VECTOR('',#2772,1.);
#390=VECTOR('',#2777,1.);
#391=VECTOR('',#2782,1.);
#392=VECTOR('',#2789,1.);
#393=VECTOR('',#2790,1.);
#394=VECTOR('',#2793,1.);
#395=VECTOR('',#2796,1.);
#396=VECTOR('',#2801,1.);
#397=VECTOR('',#2804,1.);
#398=VECTOR('',#2835,1.);
#399=VECTOR('',#2836,1.);
#400=VECTOR('',#2839,1.);
#401=VECTOR('',#2842,1.);
#402=VECTOR('',#2909,1.);
#403=VECTOR('',#2912,1.);
#404=VECTOR('',#2915,1.);
#405=VECTOR('',#2918,1.);
#406=VECTOR('',#2921,1.);
#407=VECTOR('',#2924,1.);
#408=VECTOR('',#2927,1.);
#409=VECTOR('',#2928,1.);
#410=VECTOR('',#2957,1.);
#411=VECTOR('',#2960,1.);
#412=VECTOR('',#2965,1.);
#413=VECTOR('',#2968,1.);
#414=VECTOR('',#2973,1.);
#415=VECTOR('',#2974,1.);
#416=VECTOR('',#2977,1.);
#417=VECTOR('',#2978,1.);
#418=ORIENTED_EDGE('',*,*,#1014,.F.);
#419=ORIENTED_EDGE('',*,*,#1015,.F.);
#420=ORIENTED_EDGE('',*,*,#1016,.T.);
#421=ORIENTED_EDGE('',*,*,#1017,.T.);
#422=ORIENTED_EDGE('',*,*,#1018,.T.);
#423=ORIENTED_EDGE('',*,*,#1019,.T.);
#424=ORIENTED_EDGE('',*,*,#1020,.F.);
#425=ORIENTED_EDGE('',*,*,#1021,.F.);
#426=ORIENTED_EDGE('',*,*,#1022,.F.);
#427=ORIENTED_EDGE('',*,*,#1023,.T.);
#428=ORIENTED_EDGE('',*,*,#1024,.T.);
#429=ORIENTED_EDGE('',*,*,#1025,.T.);
#430=ORIENTED_EDGE('',*,*,#1026,.T.);
#431=ORIENTED_EDGE('',*,*,#1027,.T.);
#432=ORIENTED_EDGE('',*,*,#1028,.T.);
#433=ORIENTED_EDGE('',*,*,#1029,.T.);
#434=ORIENTED_EDGE('',*,*,#1030,.T.);
#435=ORIENTED_EDGE('',*,*,#1031,.T.);
#436=ORIENTED_EDGE('',*,*,#1032,.F.);
#437=ORIENTED_EDGE('',*,*,#1033,.F.);
#438=ORIENTED_EDGE('',*,*,#1034,.T.);
#439=ORIENTED_EDGE('',*,*,#1035,.T.);
#440=ORIENTED_EDGE('',*,*,#1036,.T.);
#441=ORIENTED_EDGE('',*,*,#1037,.T.);
#442=ORIENTED_EDGE('',*,*,#1038,.T.);
#443=ORIENTED_EDGE('',*,*,#1039,.T.);
#444=ORIENTED_EDGE('',*,*,#1040,.F.);
#445=ORIENTED_EDGE('',*,*,#1041,.F.);
#446=ORIENTED_EDGE('',*,*,#1042,.T.);
#447=ORIENTED_EDGE('',*,*,#1043,.F.);
#448=ORIENTED_EDGE('',*,*,#1044,.F.);
#449=ORIENTED_EDGE('',*,*,#1045,.T.);
#450=ORIENTED_EDGE('',*,*,#1046,.T.);
#451=ORIENTED_EDGE('',*,*,#1047,.F.);
#452=ORIENTED_EDGE('',*,*,#1048,.F.);
#453=ORIENTED_EDGE('',*,*,#1049,.F.);
#454=ORIENTED_EDGE('',*,*,#1050,.T.);
#455=ORIENTED_EDGE('',*,*,#1029,.F.);
#456=ORIENTED_EDGE('',*,*,#1051,.F.);
#457=ORIENTED_EDGE('',*,*,#1052,.T.);
#458=ORIENTED_EDGE('',*,*,#1053,.T.);
#459=ORIENTED_EDGE('',*,*,#1054,.T.);
#460=ORIENTED_EDGE('',*,*,#1055,.F.);
#461=ORIENTED_EDGE('',*,*,#1056,.T.);
#462=ORIENTED_EDGE('',*,*,#1057,.T.);
#463=ORIENTED_EDGE('',*,*,#1058,.F.);
#464=ORIENTED_EDGE('',*,*,#1059,.F.);
#465=ORIENTED_EDGE('',*,*,#1060,.F.);
#466=ORIENTED_EDGE('',*,*,#1061,.T.);
#467=ORIENTED_EDGE('',*,*,#1062,.F.);
#468=ORIENTED_EDGE('',*,*,#1063,.F.);
#469=ORIENTED_EDGE('',*,*,#1064,.T.);
#470=ORIENTED_EDGE('',*,*,#1065,.T.);
#471=ORIENTED_EDGE('',*,*,#1066,.T.);
#472=ORIENTED_EDGE('',*,*,#1067,.T.);
#473=ORIENTED_EDGE('',*,*,#1068,.T.);
#474=ORIENTED_EDGE('',*,*,#1069,.F.);
#475=ORIENTED_EDGE('',*,*,#1070,.T.);
#476=ORIENTED_EDGE('',*,*,#1071,.T.);
#477=ORIENTED_EDGE('',*,*,#1072,.T.);
#478=ORIENTED_EDGE('',*,*,#1073,.F.);
#479=ORIENTED_EDGE('',*,*,#1074,.T.);
#480=ORIENTED_EDGE('',*,*,#1075,.F.);
#481=ORIENTED_EDGE('',*,*,#1076,.T.);
#482=ORIENTED_EDGE('',*,*,#1077,.T.);
#483=ORIENTED_EDGE('',*,*,#1078,.F.);
#484=ORIENTED_EDGE('',*,*,#1079,.T.);
#485=ORIENTED_EDGE('',*,*,#1080,.F.);
#486=ORIENTED_EDGE('',*,*,#1081,.F.);
#487=ORIENTED_EDGE('',*,*,#1082,.F.);
#488=ORIENTED_EDGE('',*,*,#1083,.F.);
#489=ORIENTED_EDGE('',*,*,#1084,.F.);
#490=ORIENTED_EDGE('',*,*,#1085,.F.);
#491=ORIENTED_EDGE('',*,*,#1086,.F.);
#492=ORIENTED_EDGE('',*,*,#1087,.F.);
#493=ORIENTED_EDGE('',*,*,#1088,.F.);
#494=ORIENTED_EDGE('',*,*,#1087,.T.);
#495=ORIENTED_EDGE('',*,*,#1089,.F.);
#496=ORIENTED_EDGE('',*,*,#1090,.F.);
#497=ORIENTED_EDGE('',*,*,#1091,.F.);
#498=ORIENTED_EDGE('',*,*,#1090,.T.);
#499=ORIENTED_EDGE('',*,*,#1092,.F.);
#500=ORIENTED_EDGE('',*,*,#1093,.F.);
#501=ORIENTED_EDGE('',*,*,#1094,.F.);
#502=ORIENTED_EDGE('',*,*,#1095,.F.);
#503=ORIENTED_EDGE('',*,*,#1096,.F.);
#504=ORIENTED_EDGE('',*,*,#1097,.T.);
#505=ORIENTED_EDGE('',*,*,#1098,.T.);
#506=ORIENTED_EDGE('',*,*,#1099,.F.);
#507=ORIENTED_EDGE('',*,*,#1100,.T.);
#508=ORIENTED_EDGE('',*,*,#1101,.F.);
#509=ORIENTED_EDGE('',*,*,#1102,.F.);
#510=ORIENTED_EDGE('',*,*,#1103,.F.);
#511=ORIENTED_EDGE('',*,*,#1104,.F.);
#512=ORIENTED_EDGE('',*,*,#1105,.F.);
#513=ORIENTED_EDGE('',*,*,#1106,.F.);
#514=ORIENTED_EDGE('',*,*,#1027,.F.);
#515=ORIENTED_EDGE('',*,*,#1107,.F.);
#516=ORIENTED_EDGE('',*,*,#1108,.F.);
#517=ORIENTED_EDGE('',*,*,#1107,.T.);
#518=ORIENTED_EDGE('',*,*,#1109,.F.);
#519=ORIENTED_EDGE('',*,*,#1110,.F.);
#520=ORIENTED_EDGE('',*,*,#1111,.F.);
#521=ORIENTED_EDGE('',*,*,#1110,.T.);
#522=ORIENTED_EDGE('',*,*,#1112,.F.);
#523=ORIENTED_EDGE('',*,*,#1113,.F.);
#524=ORIENTED_EDGE('',*,*,#1114,.F.);
#525=ORIENTED_EDGE('',*,*,#1115,.F.);
#526=ORIENTED_EDGE('',*,*,#1116,.F.);
#527=ORIENTED_EDGE('',*,*,#1117,.T.);
#528=ORIENTED_EDGE('',*,*,#1118,.T.);
#529=ORIENTED_EDGE('',*,*,#1119,.T.);
#530=ORIENTED_EDGE('',*,*,#1120,.T.);
#531=ORIENTED_EDGE('',*,*,#1045,.F.);
#532=ORIENTED_EDGE('',*,*,#1121,.F.);
#533=ORIENTED_EDGE('',*,*,#1092,.T.);
#534=ORIENTED_EDGE('',*,*,#1122,.T.);
#535=ORIENTED_EDGE('',*,*,#1123,.T.);
#536=ORIENTED_EDGE('',*,*,#1124,.T.);
#537=ORIENTED_EDGE('',*,*,#1086,.T.);
#538=ORIENTED_EDGE('',*,*,#1125,.T.);
#539=ORIENTED_EDGE('',*,*,#1062,.T.);
#540=ORIENTED_EDGE('',*,*,#1126,.F.);
#541=ORIENTED_EDGE('',*,*,#1127,.T.);
#542=ORIENTED_EDGE('',*,*,#1128,.T.);
#543=ORIENTED_EDGE('',*,*,#1129,.T.);
#544=ORIENTED_EDGE('',*,*,#1122,.F.);
#545=ORIENTED_EDGE('',*,*,#1089,.T.);
#546=ORIENTED_EDGE('',*,*,#1124,.F.);
#547=ORIENTED_EDGE('',*,*,#1130,.T.);
#548=ORIENTED_EDGE('',*,*,#1024,.F.);
#549=ORIENTED_EDGE('',*,*,#1131,.T.);
#550=ORIENTED_EDGE('',*,*,#1118,.F.);
#551=ORIENTED_EDGE('',*,*,#1132,.T.);
#552=ORIENTED_EDGE('',*,*,#1133,.T.);
#553=ORIENTED_EDGE('',*,*,#1134,.T.);
#554=ORIENTED_EDGE('',*,*,#1135,.T.);
#555=ORIENTED_EDGE('',*,*,#1056,.F.);
#556=ORIENTED_EDGE('',*,*,#1136,.F.);
#557=ORIENTED_EDGE('',*,*,#1112,.T.);
#558=ORIENTED_EDGE('',*,*,#1137,.T.);
#559=ORIENTED_EDGE('',*,*,#1138,.T.);
#560=ORIENTED_EDGE('',*,*,#1128,.F.);
#561=ORIENTED_EDGE('',*,*,#1139,.T.);
#562=ORIENTED_EDGE('',*,*,#1133,.F.);
#563=ORIENTED_EDGE('',*,*,#1140,.T.);
#564=ORIENTED_EDGE('',*,*,#1137,.F.);
#565=ORIENTED_EDGE('',*,*,#1109,.T.);
#566=ORIENTED_EDGE('',*,*,#1026,.F.);
#567=ORIENTED_EDGE('',*,*,#1141,.T.);
#568=ORIENTED_EDGE('',*,*,#1142,.F.);
#569=ORIENTED_EDGE('',*,*,#1143,.T.);
#570=ORIENTED_EDGE('',*,*,#1037,.F.);
#571=ORIENTED_EDGE('',*,*,#1144,.T.);
#572=ORIENTED_EDGE('',*,*,#1145,.T.);
#573=ORIENTED_EDGE('',*,*,#1146,.T.);
#574=ORIENTED_EDGE('',*,*,#1147,.F.);
#575=ORIENTED_EDGE('',*,*,#1148,.T.);
#576=ORIENTED_EDGE('',*,*,#1149,.F.);
#577=ORIENTED_EDGE('',*,*,#1150,.T.);
#578=ORIENTED_EDGE('',*,*,#1151,.T.);
#579=ORIENTED_EDGE('',*,*,#1152,.T.);
#580=ORIENTED_EDGE('',*,*,#1153,.F.);
#581=ORIENTED_EDGE('',*,*,#1154,.T.);
#582=ORIENTED_EDGE('',*,*,#1155,.T.);
#583=ORIENTED_EDGE('',*,*,#1156,.T.);
#584=ORIENTED_EDGE('',*,*,#1157,.F.);
#585=ORIENTED_EDGE('',*,*,#1158,.T.);
#586=ORIENTED_EDGE('',*,*,#1142,.T.);
#587=ORIENTED_EDGE('',*,*,#1159,.T.);
#588=ORIENTED_EDGE('',*,*,#1160,.T.);
#589=ORIENTED_EDGE('',*,*,#1161,.T.);
#590=ORIENTED_EDGE('',*,*,#1145,.F.);
#591=ORIENTED_EDGE('',*,*,#1162,.T.);
#592=ORIENTED_EDGE('',*,*,#1163,.T.);
#593=ORIENTED_EDGE('',*,*,#1164,.T.);
#594=ORIENTED_EDGE('',*,*,#1165,.T.);
#595=ORIENTED_EDGE('',*,*,#1147,.T.);
#596=ORIENTED_EDGE('',*,*,#1166,.T.);
#597=ORIENTED_EDGE('',*,*,#1167,.T.);
#598=ORIENTED_EDGE('',*,*,#1168,.T.);
#599=ORIENTED_EDGE('',*,*,#1169,.T.);
#600=ORIENTED_EDGE('',*,*,#1170,.F.);
#601=ORIENTED_EDGE('',*,*,#1171,.T.);
#602=ORIENTED_EDGE('',*,*,#1172,.T.);
#603=ORIENTED_EDGE('',*,*,#1173,.T.);
#604=ORIENTED_EDGE('',*,*,#1174,.T.);
#605=ORIENTED_EDGE('',*,*,#1175,.T.);
#606=ORIENTED_EDGE('',*,*,#1176,.T.);
#607=ORIENTED_EDGE('',*,*,#1160,.F.);
#608=ORIENTED_EDGE('',*,*,#1177,.T.);
#609=ORIENTED_EDGE('',*,*,#1178,.T.);
#610=ORIENTED_EDGE('',*,*,#1179,.F.);
#611=ORIENTED_EDGE('',*,*,#1180,.T.);
#612=ORIENTED_EDGE('',*,*,#1181,.T.);
#613=ORIENTED_EDGE('',*,*,#1182,.T.);
#614=ORIENTED_EDGE('',*,*,#1183,.T.);
#615=ORIENTED_EDGE('',*,*,#1184,.T.);
#616=ORIENTED_EDGE('',*,*,#1185,.T.);
#617=ORIENTED_EDGE('',*,*,#1157,.T.);
#618=ORIENTED_EDGE('',*,*,#1186,.T.);
#619=ORIENTED_EDGE('',*,*,#1187,.T.);
#620=ORIENTED_EDGE('',*,*,#1069,.T.);
#621=ORIENTED_EDGE('',*,*,#1188,.T.);
#622=ORIENTED_EDGE('',*,*,#1151,.F.);
#623=ORIENTED_EDGE('',*,*,#1189,.T.);
#624=ORIENTED_EDGE('',*,*,#1071,.F.);
#625=ORIENTED_EDGE('',*,*,#1190,.T.);
#626=ORIENTED_EDGE('',*,*,#1149,.T.);
#627=ORIENTED_EDGE('',*,*,#1191,.T.);
#628=ORIENTED_EDGE('',*,*,#1073,.T.);
#629=ORIENTED_EDGE('',*,*,#1192,.T.);
#630=ORIENTED_EDGE('',*,*,#1155,.F.);
#631=ORIENTED_EDGE('',*,*,#1193,.T.);
#632=ORIENTED_EDGE('',*,*,#1153,.T.);
#633=ORIENTED_EDGE('',*,*,#1194,.T.);
#634=ORIENTED_EDGE('',*,*,#1067,.F.);
#635=ORIENTED_EDGE('',*,*,#1195,.T.);
#636=ORIENTED_EDGE('',*,*,#1196,.F.);
#637=ORIENTED_EDGE('',*,*,#1123,.F.);
#638=ORIENTED_EDGE('',*,*,#1197,.F.);
#639=ORIENTED_EDGE('',*,*,#1019,.F.);
#640=ORIENTED_EDGE('',*,*,#1132,.F.);
#641=ORIENTED_EDGE('',*,*,#1196,.T.);
#642=ORIENTED_EDGE('',*,*,#1198,.F.);
#643=ORIENTED_EDGE('',*,*,#1197,.T.);
#644=ORIENTED_EDGE('',*,*,#1130,.F.);
#645=ORIENTED_EDGE('',*,*,#1199,.F.);
#646=ORIENTED_EDGE('',*,*,#1198,.T.);
#647=ORIENTED_EDGE('',*,*,#1018,.F.);
#648=ORIENTED_EDGE('',*,*,#1200,.F.);
#649=ORIENTED_EDGE('',*,*,#1025,.F.);
#650=ORIENTED_EDGE('',*,*,#1199,.T.);
#651=ORIENTED_EDGE('',*,*,#1129,.F.);
#652=ORIENTED_EDGE('',*,*,#1201,.F.);
#653=ORIENTED_EDGE('',*,*,#1016,.F.);
#654=ORIENTED_EDGE('',*,*,#1141,.F.);
#655=ORIENTED_EDGE('',*,*,#1200,.T.);
#656=ORIENTED_EDGE('',*,*,#1202,.F.);
#657=ORIENTED_EDGE('',*,*,#1201,.T.);
#658=ORIENTED_EDGE('',*,*,#1140,.F.);
#659=ORIENTED_EDGE('',*,*,#1203,.F.);
#660=ORIENTED_EDGE('',*,*,#1202,.T.);
#661=ORIENTED_EDGE('',*,*,#1017,.F.);
#662=ORIENTED_EDGE('',*,*,#1203,.T.);
#663=ORIENTED_EDGE('',*,*,#1138,.F.);
#664=ORIENTED_EDGE('',*,*,#1068,.F.);
#665=ORIENTED_EDGE('',*,*,#1194,.F.);
#666=ORIENTED_EDGE('',*,*,#1152,.F.);
#667=ORIENTED_EDGE('',*,*,#1188,.F.);
#668=ORIENTED_EDGE('',*,*,#1070,.F.);
#669=ORIENTED_EDGE('',*,*,#1189,.F.);
#670=ORIENTED_EDGE('',*,*,#1150,.F.);
#671=ORIENTED_EDGE('',*,*,#1190,.F.);
#672=ORIENTED_EDGE('',*,*,#1072,.F.);
#673=ORIENTED_EDGE('',*,*,#1191,.F.);
#674=ORIENTED_EDGE('',*,*,#1156,.F.);
#675=ORIENTED_EDGE('',*,*,#1192,.F.);
#676=ORIENTED_EDGE('',*,*,#1074,.F.);
#677=ORIENTED_EDGE('',*,*,#1193,.F.);
#678=ORIENTED_EDGE('',*,*,#1154,.F.);
#679=ORIENTED_EDGE('',*,*,#1195,.F.);
#680=ORIENTED_EDGE('',*,*,#1204,.T.);
#681=ORIENTED_EDGE('',*,*,#1205,.T.);
#682=ORIENTED_EDGE('',*,*,#1034,.F.);
#683=ORIENTED_EDGE('',*,*,#1143,.F.);
#684=ORIENTED_EDGE('',*,*,#1158,.F.);
#685=ORIENTED_EDGE('',*,*,#1185,.F.);
#686=ORIENTED_EDGE('',*,*,#1206,.T.);
#687=ORIENTED_EDGE('',*,*,#1207,.T.);
#688=ORIENTED_EDGE('',*,*,#1186,.F.);
#689=ORIENTED_EDGE('',*,*,#1159,.F.);
#690=ORIENTED_EDGE('',*,*,#1148,.F.);
#691=ORIENTED_EDGE('',*,*,#1165,.F.);
#692=ORIENTED_EDGE('',*,*,#1208,.T.);
#693=ORIENTED_EDGE('',*,*,#1209,.T.);
#694=ORIENTED_EDGE('',*,*,#1163,.F.);
#695=ORIENTED_EDGE('',*,*,#1146,.F.);
#696=ORIENTED_EDGE('',*,*,#1161,.F.);
#697=ORIENTED_EDGE('',*,*,#1176,.F.);
#698=ORIENTED_EDGE('',*,*,#1036,.F.);
#699=ORIENTED_EDGE('',*,*,#1210,.T.);
#700=ORIENTED_EDGE('',*,*,#1211,.T.);
#701=ORIENTED_EDGE('',*,*,#1177,.F.);
#702=ORIENTED_EDGE('',*,*,#1162,.F.);
#703=ORIENTED_EDGE('',*,*,#1144,.F.);
#704=ORIENTED_EDGE('',*,*,#1051,.T.);
#705=ORIENTED_EDGE('',*,*,#1028,.F.);
#706=ORIENTED_EDGE('',*,*,#1106,.T.);
#707=ORIENTED_EDGE('',*,*,#1212,.T.);
#708=ORIENTED_EDGE('',*,*,#1052,.F.);
#709=ORIENTED_EDGE('',*,*,#1212,.F.);
#710=ORIENTED_EDGE('',*,*,#1105,.T.);
#711=ORIENTED_EDGE('',*,*,#1213,.T.);
#712=ORIENTED_EDGE('',*,*,#1053,.F.);
#713=ORIENTED_EDGE('',*,*,#1213,.F.);
#714=ORIENTED_EDGE('',*,*,#1104,.T.);
#715=ORIENTED_EDGE('',*,*,#1214,.T.);
#716=ORIENTED_EDGE('',*,*,#1115,.T.);
#717=ORIENTED_EDGE('',*,*,#1215,.T.);
#718=ORIENTED_EDGE('',*,*,#1054,.F.);
#719=ORIENTED_EDGE('',*,*,#1215,.F.);
#720=ORIENTED_EDGE('',*,*,#1114,.T.);
#721=ORIENTED_EDGE('',*,*,#1216,.T.);
#722=ORIENTED_EDGE('',*,*,#1055,.T.);
#723=ORIENTED_EDGE('',*,*,#1216,.F.);
#724=ORIENTED_EDGE('',*,*,#1113,.T.);
#725=ORIENTED_EDGE('',*,*,#1136,.T.);
#726=ORIENTED_EDGE('',*,*,#1103,.T.);
#727=ORIENTED_EDGE('',*,*,#1116,.T.);
#728=ORIENTED_EDGE('',*,*,#1214,.F.);
#729=ORIENTED_EDGE('',*,*,#1057,.F.);
#730=ORIENTED_EDGE('',*,*,#1135,.F.);
#731=ORIENTED_EDGE('',*,*,#1217,.T.);
#732=ORIENTED_EDGE('',*,*,#1218,.T.);
#733=ORIENTED_EDGE('',*,*,#1058,.T.);
#734=ORIENTED_EDGE('',*,*,#1218,.F.);
#735=ORIENTED_EDGE('',*,*,#1219,.T.);
#736=ORIENTED_EDGE('',*,*,#1220,.T.);
#737=ORIENTED_EDGE('',*,*,#1059,.T.);
#738=ORIENTED_EDGE('',*,*,#1220,.F.);
#739=ORIENTED_EDGE('',*,*,#1221,.T.);
#740=ORIENTED_EDGE('',*,*,#1222,.F.);
#741=ORIENTED_EDGE('',*,*,#1223,.T.);
#742=ORIENTED_EDGE('',*,*,#1224,.T.);
#743=ORIENTED_EDGE('',*,*,#1060,.T.);
#744=ORIENTED_EDGE('',*,*,#1224,.F.);
#745=ORIENTED_EDGE('',*,*,#1225,.T.);
#746=ORIENTED_EDGE('',*,*,#1226,.T.);
#747=ORIENTED_EDGE('',*,*,#1061,.F.);
#748=ORIENTED_EDGE('',*,*,#1226,.F.);
#749=ORIENTED_EDGE('',*,*,#1227,.T.);
#750=ORIENTED_EDGE('',*,*,#1126,.T.);
#751=ORIENTED_EDGE('',*,*,#1228,.T.);
#752=ORIENTED_EDGE('',*,*,#1229,.T.);
#753=ORIENTED_EDGE('',*,*,#1222,.T.);
#754=ORIENTED_EDGE('',*,*,#1049,.T.);
#755=ORIENTED_EDGE('',*,*,#1230,.F.);
#756=ORIENTED_EDGE('',*,*,#1231,.T.);
#757=ORIENTED_EDGE('',*,*,#1232,.T.);
#758=ORIENTED_EDGE('',*,*,#1050,.F.);
#759=ORIENTED_EDGE('',*,*,#1232,.F.);
#760=ORIENTED_EDGE('',*,*,#1233,.T.);
#761=ORIENTED_EDGE('',*,*,#1022,.T.);
#762=ORIENTED_EDGE('',*,*,#1046,.F.);
#763=ORIENTED_EDGE('',*,*,#1120,.F.);
#764=ORIENTED_EDGE('',*,*,#1234,.T.);
#765=ORIENTED_EDGE('',*,*,#1235,.T.);
#766=ORIENTED_EDGE('',*,*,#1047,.T.);
#767=ORIENTED_EDGE('',*,*,#1235,.F.);
#768=ORIENTED_EDGE('',*,*,#1236,.T.);
#769=ORIENTED_EDGE('',*,*,#1237,.T.);
#770=ORIENTED_EDGE('',*,*,#1048,.T.);
#771=ORIENTED_EDGE('',*,*,#1237,.F.);
#772=ORIENTED_EDGE('',*,*,#1238,.T.);
#773=ORIENTED_EDGE('',*,*,#1239,.F.);
#774=ORIENTED_EDGE('',*,*,#1240,.T.);
#775=ORIENTED_EDGE('',*,*,#1230,.T.);
#776=ORIENTED_EDGE('',*,*,#1241,.T.);
#777=ORIENTED_EDGE('',*,*,#1242,.T.);
#778=ORIENTED_EDGE('',*,*,#1239,.T.);
#779=ORIENTED_EDGE('',*,*,#1063,.T.);
#780=ORIENTED_EDGE('',*,*,#1125,.F.);
#781=ORIENTED_EDGE('',*,*,#1085,.T.);
#782=ORIENTED_EDGE('',*,*,#1243,.T.);
#783=ORIENTED_EDGE('',*,*,#1064,.F.);
#784=ORIENTED_EDGE('',*,*,#1243,.F.);
#785=ORIENTED_EDGE('',*,*,#1084,.T.);
#786=ORIENTED_EDGE('',*,*,#1244,.T.);
#787=ORIENTED_EDGE('',*,*,#1065,.F.);
#788=ORIENTED_EDGE('',*,*,#1244,.F.);
#789=ORIENTED_EDGE('',*,*,#1083,.T.);
#790=ORIENTED_EDGE('',*,*,#1245,.T.);
#791=ORIENTED_EDGE('',*,*,#1095,.T.);
#792=ORIENTED_EDGE('',*,*,#1246,.T.);
#793=ORIENTED_EDGE('',*,*,#1066,.F.);
#794=ORIENTED_EDGE('',*,*,#1246,.F.);
#795=ORIENTED_EDGE('',*,*,#1094,.T.);
#796=ORIENTED_EDGE('',*,*,#1247,.T.);
#797=ORIENTED_EDGE('',*,*,#1044,.T.);
#798=ORIENTED_EDGE('',*,*,#1247,.F.);
#799=ORIENTED_EDGE('',*,*,#1093,.T.);
#800=ORIENTED_EDGE('',*,*,#1121,.T.);
#801=ORIENTED_EDGE('',*,*,#1082,.T.);
#802=ORIENTED_EDGE('',*,*,#1096,.T.);
#803=ORIENTED_EDGE('',*,*,#1245,.F.);
#804=ORIENTED_EDGE('',*,*,#1248,.F.);
#805=ORIENTED_EDGE('',*,*,#1249,.T.);
#806=ORIENTED_EDGE('',*,*,#1079,.F.);
#807=ORIENTED_EDGE('',*,*,#1241,.F.);
#808=ORIENTED_EDGE('',*,*,#1238,.F.);
#809=ORIENTED_EDGE('',*,*,#1236,.F.);
#810=ORIENTED_EDGE('',*,*,#1234,.F.);
#811=ORIENTED_EDGE('',*,*,#1119,.F.);
#812=ORIENTED_EDGE('',*,*,#1250,.F.);
#813=ORIENTED_EDGE('',*,*,#1251,.T.);
#814=ORIENTED_EDGE('',*,*,#1248,.T.);
#815=ORIENTED_EDGE('',*,*,#1131,.F.);
#816=ORIENTED_EDGE('',*,*,#1078,.T.);
#817=ORIENTED_EDGE('',*,*,#1252,.T.);
#818=ORIENTED_EDGE('',*,*,#1250,.T.);
#819=ORIENTED_EDGE('',*,*,#1023,.F.);
#820=ORIENTED_EDGE('',*,*,#1233,.F.);
#821=ORIENTED_EDGE('',*,*,#1231,.F.);
#822=ORIENTED_EDGE('',*,*,#1240,.F.);
#823=ORIENTED_EDGE('',*,*,#1242,.F.);
#824=ORIENTED_EDGE('',*,*,#1081,.T.);
#825=ORIENTED_EDGE('',*,*,#1253,.F.);
#826=ORIENTED_EDGE('',*,*,#1097,.F.);
#827=ORIENTED_EDGE('',*,*,#1254,.F.);
#828=ORIENTED_EDGE('',*,*,#1255,.T.);
#829=ORIENTED_EDGE('',*,*,#1100,.F.);
#830=ORIENTED_EDGE('',*,*,#1228,.F.);
#831=ORIENTED_EDGE('',*,*,#1221,.F.);
#832=ORIENTED_EDGE('',*,*,#1219,.F.);
#833=ORIENTED_EDGE('',*,*,#1217,.F.);
#834=ORIENTED_EDGE('',*,*,#1134,.F.);
#835=ORIENTED_EDGE('',*,*,#1256,.F.);
#836=ORIENTED_EDGE('',*,*,#1257,.T.);
#837=ORIENTED_EDGE('',*,*,#1254,.T.);
#838=ORIENTED_EDGE('',*,*,#1139,.F.);
#839=ORIENTED_EDGE('',*,*,#1099,.T.);
#840=ORIENTED_EDGE('',*,*,#1258,.T.);
#841=ORIENTED_EDGE('',*,*,#1256,.T.);
#842=ORIENTED_EDGE('',*,*,#1127,.F.);
#843=ORIENTED_EDGE('',*,*,#1227,.F.);
#844=ORIENTED_EDGE('',*,*,#1225,.F.);
#845=ORIENTED_EDGE('',*,*,#1223,.F.);
#846=ORIENTED_EDGE('',*,*,#1229,.F.);
#847=ORIENTED_EDGE('',*,*,#1102,.T.);
#848=ORIENTED_EDGE('',*,*,#1259,.F.);
#849=ORIENTED_EDGE('',*,*,#1117,.F.);
#850=ORIENTED_EDGE('',*,*,#1259,.T.);
#851=ORIENTED_EDGE('',*,*,#1101,.T.);
#852=ORIENTED_EDGE('',*,*,#1108,.T.);
#853=ORIENTED_EDGE('',*,*,#1111,.T.);
#854=ORIENTED_EDGE('',*,*,#1043,.T.);
#855=ORIENTED_EDGE('',*,*,#1258,.F.);
#856=ORIENTED_EDGE('',*,*,#1098,.F.);
#857=ORIENTED_EDGE('',*,*,#1255,.F.);
#858=ORIENTED_EDGE('',*,*,#1257,.F.);
#859=ORIENTED_EDGE('',*,*,#1042,.F.);
#860=ORIENTED_EDGE('',*,*,#1253,.T.);
#861=ORIENTED_EDGE('',*,*,#1080,.T.);
#862=ORIENTED_EDGE('',*,*,#1088,.T.);
#863=ORIENTED_EDGE('',*,*,#1091,.T.);
#864=ORIENTED_EDGE('',*,*,#1075,.T.);
#865=ORIENTED_EDGE('',*,*,#1252,.F.);
#866=ORIENTED_EDGE('',*,*,#1077,.F.);
#867=ORIENTED_EDGE('',*,*,#1249,.F.);
#868=ORIENTED_EDGE('',*,*,#1251,.F.);
#869=ORIENTED_EDGE('',*,*,#1076,.F.);
#870=ORIENTED_EDGE('',*,*,#1260,.T.);
#871=ORIENTED_EDGE('',*,*,#1038,.F.);
#872=ORIENTED_EDGE('',*,*,#1261,.F.);
#873=ORIENTED_EDGE('',*,*,#1031,.F.);
#874=ORIENTED_EDGE('',*,*,#1032,.T.);
#875=ORIENTED_EDGE('',*,*,#1261,.T.);
#876=ORIENTED_EDGE('',*,*,#1041,.T.);
#877=ORIENTED_EDGE('',*,*,#1262,.F.);
#878=ORIENTED_EDGE('',*,*,#1033,.T.);
#879=ORIENTED_EDGE('',*,*,#1262,.T.);
#880=ORIENTED_EDGE('',*,*,#1040,.T.);
#881=ORIENTED_EDGE('',*,*,#1263,.F.);
#882=ORIENTED_EDGE('',*,*,#1263,.T.);
#883=ORIENTED_EDGE('',*,*,#1039,.F.);
#884=ORIENTED_EDGE('',*,*,#1260,.F.);
#885=ORIENTED_EDGE('',*,*,#1030,.F.);
#886=ORIENTED_EDGE('',*,*,#1264,.F.);
#887=ORIENTED_EDGE('',*,*,#1015,.T.);
#888=ORIENTED_EDGE('',*,*,#1265,.F.);
#889=ORIENTED_EDGE('',*,*,#1264,.T.);
#890=ORIENTED_EDGE('',*,*,#1266,.F.);
#891=ORIENTED_EDGE('',*,*,#1265,.T.);
#892=ORIENTED_EDGE('',*,*,#1267,.F.);
#893=ORIENTED_EDGE('',*,*,#1020,.T.);
#894=ORIENTED_EDGE('',*,*,#1268,.F.);
#895=ORIENTED_EDGE('',*,*,#1267,.T.);
#896=ORIENTED_EDGE('',*,*,#1269,.F.);
#897=ORIENTED_EDGE('',*,*,#1268,.T.);
#898=ORIENTED_EDGE('',*,*,#1270,.F.);
#899=ORIENTED_EDGE('',*,*,#1014,.T.);
#900=ORIENTED_EDGE('',*,*,#1271,.F.);
#901=ORIENTED_EDGE('',*,*,#1270,.T.);
#902=ORIENTED_EDGE('',*,*,#1272,.F.);
#903=ORIENTED_EDGE('',*,*,#1271,.T.);
#904=ORIENTED_EDGE('',*,*,#1273,.F.);
#905=ORIENTED_EDGE('',*,*,#1021,.T.);
#906=ORIENTED_EDGE('',*,*,#1274,.F.);
#907=ORIENTED_EDGE('',*,*,#1273,.T.);
#908=ORIENTED_EDGE('',*,*,#1275,.F.);
#909=ORIENTED_EDGE('',*,*,#1274,.T.);
#910=ORIENTED_EDGE('',*,*,#1266,.T.);
#911=ORIENTED_EDGE('',*,*,#1269,.T.);
#912=ORIENTED_EDGE('',*,*,#1272,.T.);
#913=ORIENTED_EDGE('',*,*,#1275,.T.);
#914=ORIENTED_EDGE('',*,*,#1276,.F.);
#915=ORIENTED_EDGE('',*,*,#1277,.F.);
#916=ORIENTED_EDGE('',*,*,#1278,.T.);
#917=ORIENTED_EDGE('',*,*,#1279,.T.);
#918=ORIENTED_EDGE('',*,*,#1280,.T.);
#919=ORIENTED_EDGE('',*,*,#1281,.T.);
#920=ORIENTED_EDGE('',*,*,#1183,.F.);
#921=ORIENTED_EDGE('',*,*,#1282,.T.);
#922=ORIENTED_EDGE('',*,*,#1283,.T.);
#923=ORIENTED_EDGE('',*,*,#1284,.T.);
#924=ORIENTED_EDGE('',*,*,#1285,.T.);
#925=ORIENTED_EDGE('',*,*,#1286,.T.);
#926=ORIENTED_EDGE('',*,*,#1287,.T.);
#927=ORIENTED_EDGE('',*,*,#1179,.T.);
#928=ORIENTED_EDGE('',*,*,#1181,.F.);
#929=ORIENTED_EDGE('',*,*,#1288,.T.);
#930=ORIENTED_EDGE('',*,*,#1281,.F.);
#931=ORIENTED_EDGE('',*,*,#1289,.T.);
#932=ORIENTED_EDGE('',*,*,#1178,.F.);
#933=ORIENTED_EDGE('',*,*,#1211,.F.);
#934=ORIENTED_EDGE('',*,*,#1290,.T.);
#935=ORIENTED_EDGE('',*,*,#1285,.F.);
#936=ORIENTED_EDGE('',*,*,#1284,.F.);
#937=ORIENTED_EDGE('',*,*,#1291,.T.);
#938=ORIENTED_EDGE('',*,*,#1204,.F.);
#939=ORIENTED_EDGE('',*,*,#1184,.F.);
#940=ORIENTED_EDGE('',*,*,#1180,.F.);
#941=ORIENTED_EDGE('',*,*,#1287,.F.);
#942=ORIENTED_EDGE('',*,*,#1278,.F.);
#943=ORIENTED_EDGE('',*,*,#1288,.F.);
#944=ORIENTED_EDGE('',*,*,#1280,.F.);
#945=ORIENTED_EDGE('',*,*,#1282,.F.);
#946=ORIENTED_EDGE('',*,*,#1182,.F.);
#947=ORIENTED_EDGE('',*,*,#1289,.F.);
#948=ORIENTED_EDGE('',*,*,#1290,.F.);
#949=ORIENTED_EDGE('',*,*,#1210,.F.);
#950=ORIENTED_EDGE('',*,*,#1292,.F.);
#951=ORIENTED_EDGE('',*,*,#1292,.T.);
#952=ORIENTED_EDGE('',*,*,#1035,.F.);
#953=ORIENTED_EDGE('',*,*,#1293,.F.);
#954=ORIENTED_EDGE('',*,*,#1283,.F.);
#955=ORIENTED_EDGE('',*,*,#1279,.F.);
#956=ORIENTED_EDGE('',*,*,#1286,.F.);
#957=ORIENTED_EDGE('',*,*,#1291,.F.);
#958=ORIENTED_EDGE('',*,*,#1293,.T.);
#959=ORIENTED_EDGE('',*,*,#1205,.F.);
#960=ORIENTED_EDGE('',*,*,#1277,.T.);
#961=ORIENTED_EDGE('',*,*,#1169,.F.);
#962=ORIENTED_EDGE('',*,*,#1276,.T.);
#963=ORIENTED_EDGE('',*,*,#1168,.F.);
#964=ORIENTED_EDGE('',*,*,#1294,.F.);
#965=ORIENTED_EDGE('',*,*,#1295,.F.);
#966=ORIENTED_EDGE('',*,*,#1296,.T.);
#967=ORIENTED_EDGE('',*,*,#1297,.T.);
#968=ORIENTED_EDGE('',*,*,#1298,.T.);
#969=ORIENTED_EDGE('',*,*,#1299,.T.);
#970=ORIENTED_EDGE('',*,*,#1174,.F.);
#971=ORIENTED_EDGE('',*,*,#1300,.T.);
#972=ORIENTED_EDGE('',*,*,#1301,.T.);
#973=ORIENTED_EDGE('',*,*,#1302,.T.);
#974=ORIENTED_EDGE('',*,*,#1303,.T.);
#975=ORIENTED_EDGE('',*,*,#1304,.T.);
#976=ORIENTED_EDGE('',*,*,#1170,.T.);
#977=ORIENTED_EDGE('',*,*,#1305,.T.);
#978=ORIENTED_EDGE('',*,*,#1172,.F.);
#979=ORIENTED_EDGE('',*,*,#1306,.T.);
#980=ORIENTED_EDGE('',*,*,#1296,.F.);
#981=ORIENTED_EDGE('',*,*,#1307,.T.);
#982=ORIENTED_EDGE('',*,*,#1302,.F.);
#983=ORIENTED_EDGE('',*,*,#1308,.F.);
#984=ORIENTED_EDGE('',*,*,#1208,.F.);
#985=ORIENTED_EDGE('',*,*,#1175,.F.);
#986=ORIENTED_EDGE('',*,*,#1308,.T.);
#987=ORIENTED_EDGE('',*,*,#1309,.F.);
#988=ORIENTED_EDGE('',*,*,#1209,.F.);
#989=ORIENTED_EDGE('',*,*,#1309,.T.);
#990=ORIENTED_EDGE('',*,*,#1301,.F.);
#991=ORIENTED_EDGE('',*,*,#1298,.F.);
#992=ORIENTED_EDGE('',*,*,#1303,.F.);
#993=ORIENTED_EDGE('',*,*,#1310,.F.);
#994=ORIENTED_EDGE('',*,*,#1164,.F.);
#995=ORIENTED_EDGE('',*,*,#1310,.T.);
#996=ORIENTED_EDGE('',*,*,#1311,.F.);
#997=ORIENTED_EDGE('',*,*,#1206,.F.);
#998=ORIENTED_EDGE('',*,*,#1187,.F.);
#999=ORIENTED_EDGE('',*,*,#1207,.F.);
#1000=ORIENTED_EDGE('',*,*,#1311,.T.);
#1001=ORIENTED_EDGE('',*,*,#1305,.F.);
#1002=ORIENTED_EDGE('',*,*,#1171,.F.);
#1003=ORIENTED_EDGE('',*,*,#1304,.F.);
#1004=ORIENTED_EDGE('',*,*,#1297,.F.);
#1005=ORIENTED_EDGE('',*,*,#1306,.F.);
#1006=ORIENTED_EDGE('',*,*,#1299,.F.);
#1007=ORIENTED_EDGE('',*,*,#1300,.F.);
#1008=ORIENTED_EDGE('',*,*,#1173,.F.);
#1009=ORIENTED_EDGE('',*,*,#1307,.F.);
#1010=ORIENTED_EDGE('',*,*,#1295,.T.);
#1011=ORIENTED_EDGE('',*,*,#1167,.F.);
#1012=ORIENTED_EDGE('',*,*,#1294,.T.);
#1013=ORIENTED_EDGE('',*,*,#1166,.F.);
#1014=EDGE_CURVE('',#1312,#1312,#1508,.T.);
#1015=EDGE_CURVE('',#1313,#1313,#1509,.T.);
#1016=EDGE_CURVE('',#1314,#1315,#142,.T.);
#1017=EDGE_CURVE('',#1315,#1316,#143,.F.);
#1018=EDGE_CURVE('',#1316,#1317,#144,.T.);
#1019=EDGE_CURVE('',#1317,#1314,#145,.F.);
#1020=EDGE_CURVE('',#1318,#1318,#1510,.T.);
#1021=EDGE_CURVE('',#1319,#1319,#1511,.T.);
#1022=EDGE_CURVE('',#1320,#1321,#146,.T.);
#1023=EDGE_CURVE('',#1320,#1322,#147,.T.);
#1024=EDGE_CURVE('',#1322,#1323,#148,.T.);
#1025=EDGE_CURVE('',#1323,#1324,#149,.F.);
#1026=EDGE_CURVE('',#1324,#1325,#150,.F.);
#1027=EDGE_CURVE('',#1325,#1326,#151,.T.);
#1028=EDGE_CURVE('',#1326,#1327,#152,.T.);
#1029=EDGE_CURVE('',#1327,#1321,#153,.T.);
#1030=EDGE_CURVE('',#1328,#1329,#154,.T.);
#1031=EDGE_CURVE('',#1329,#1330,#155,.T.);
#1032=EDGE_CURVE('',#1331,#1330,#156,.F.);
#1033=EDGE_CURVE('',#1328,#1331,#157,.F.);
#1034=EDGE_CURVE('',#1332,#1333,#158,.F.);
#1035=EDGE_CURVE('',#1333,#1334,#159,.T.);
#1036=EDGE_CURVE('',#1334,#1335,#160,.T.);
#1037=EDGE_CURVE('',#1335,#1332,#161,.T.);
#1038=EDGE_CURVE('',#1336,#1337,#162,.T.);
#1039=EDGE_CURVE('',#1337,#1338,#163,.T.);
#1040=EDGE_CURVE('',#1339,#1338,#164,.F.);
#1041=EDGE_CURVE('',#1336,#1339,#165,.F.);
#1042=EDGE_CURVE('',#1340,#1340,#1512,.T.);
#1043=EDGE_CURVE('',#1341,#1341,#1513,.T.);
#1044=EDGE_CURVE('',#1342,#1343,#1514,.T.);
#1045=EDGE_CURVE('',#1342,#1344,#166,.T.);
#1046=EDGE_CURVE('',#1344,#1345,#1515,.T.);
#1047=EDGE_CURVE('',#1346,#1345,#167,.T.);
#1048=EDGE_CURVE('',#1347,#1346,#1516,.T.);
#1049=EDGE_CURVE('',#1348,#1347,#168,.T.);
#1050=EDGE_CURVE('',#1348,#1321,#1517,.T.);
#1051=EDGE_CURVE('',#1349,#1327,#1518,.T.);
#1052=EDGE_CURVE('',#1349,#1350,#169,.T.);
#1053=EDGE_CURVE('',#1350,#1351,#1519,.T.);
#1054=EDGE_CURVE('',#1351,#1352,#170,.T.);
#1055=EDGE_CURVE('',#1353,#1352,#1520,.T.);
#1056=EDGE_CURVE('',#1353,#1354,#171,.T.);
#1057=EDGE_CURVE('',#1354,#1355,#1521,.T.);
#1058=EDGE_CURVE('',#1356,#1355,#172,.T.);
#1059=EDGE_CURVE('',#1357,#1356,#1522,.T.);
#1060=EDGE_CURVE('',#1358,#1357,#173,.T.);
#1061=EDGE_CURVE('',#1358,#1359,#1523,.T.);
#1062=EDGE_CURVE('',#1360,#1359,#174,.T.);
#1063=EDGE_CURVE('',#1361,#1360,#1524,.T.);
#1064=EDGE_CURVE('',#1361,#1362,#175,.T.);
#1065=EDGE_CURVE('',#1362,#1363,#1525,.T.);
#1066=EDGE_CURVE('',#1363,#1343,#176,.T.);
#1067=EDGE_CURVE('',#1364,#1365,#177,.T.);
#1068=EDGE_CURVE('',#1365,#1366,#1526,.T.);
#1069=EDGE_CURVE('',#1367,#1366,#178,.T.);
#1070=EDGE_CURVE('',#1367,#1368,#1527,.T.);
#1071=EDGE_CURVE('',#1368,#1369,#179,.T.);
#1072=EDGE_CURVE('',#1369,#1370,#1528,.T.);
#1073=EDGE_CURVE('',#1371,#1370,#180,.T.);
#1074=EDGE_CURVE('',#1371,#1364,#1529,.T.);
#1075=EDGE_CURVE('',#1372,#1372,#1530,.T.);
#1076=EDGE_CURVE('',#1373,#1373,#1531,.T.);
#1077=EDGE_CURVE('',#1374,#1375,#98,.T.);
#1078=EDGE_CURVE('',#1376,#1375,#82,.F.);
#1079=EDGE_CURVE('',#1376,#1374,#83,.F.);
#1080=EDGE_CURVE('',#1377,#1378,#99,.T.);
#1081=EDGE_CURVE('',#1379,#1377,#84,.F.);
#1082=EDGE_CURVE('',#1380,#1379,#181,.F.);
#1083=EDGE_CURVE('',#1381,#1380,#100,.T.);
#1084=EDGE_CURVE('',#1382,#1381,#1532,.F.);
#1085=EDGE_CURVE('',#1383,#1382,#101,.F.);
#1086=EDGE_CURVE('',#1384,#1383,#182,.T.);
#1087=EDGE_CURVE('',#1378,#1384,#85,.F.);
#1088=EDGE_CURVE('',#1378,#1385,#102,.T.);
#1089=EDGE_CURVE('',#1386,#1384,#1533,.T.);
#1090=EDGE_CURVE('',#1385,#1386,#86,.F.);
#1091=EDGE_CURVE('',#1385,#1387,#103,.T.);
#1092=EDGE_CURVE('',#1388,#1386,#183,.F.);
#1093=EDGE_CURVE('',#1389,#1388,#104,.T.);
#1094=EDGE_CURVE('',#1390,#1389,#1534,.F.);
#1095=EDGE_CURVE('',#1391,#1390,#105,.T.);
#1096=EDGE_CURVE('',#1379,#1391,#184,.T.);
#1097=EDGE_CURVE('',#1379,#1387,#87,.F.);
#1098=EDGE_CURVE('',#1392,#1393,#106,.T.);
#1099=EDGE_CURVE('',#1394,#1393,#88,.F.);
#1100=EDGE_CURVE('',#1394,#1392,#89,.F.);
#1101=EDGE_CURVE('',#1395,#1396,#107,.T.);
#1102=EDGE_CURVE('',#1397,#1395,#90,.F.);
#1103=EDGE_CURVE('',#1398,#1397,#185,.F.);
#1104=EDGE_CURVE('',#1399,#1398,#108,.T.);
#1105=EDGE_CURVE('',#1400,#1399,#1535,.F.);
#1106=EDGE_CURVE('',#1326,#1400,#109,.F.);
#1107=EDGE_CURVE('',#1396,#1325,#91,.F.);
#1108=EDGE_CURVE('',#1396,#1401,#110,.T.);
#1109=EDGE_CURVE('',#1402,#1325,#1536,.T.);
#1110=EDGE_CURVE('',#1401,#1402,#92,.F.);
#1111=EDGE_CURVE('',#1401,#1403,#111,.T.);
#1112=EDGE_CURVE('',#1404,#1402,#186,.F.);
#1113=EDGE_CURVE('',#1405,#1404,#112,.T.);
#1114=EDGE_CURVE('',#1406,#1405,#1537,.F.);
#1115=EDGE_CURVE('',#1407,#1406,#113,.T.);
#1116=EDGE_CURVE('',#1397,#1407,#187,.T.);
#1117=EDGE_CURVE('',#1397,#1403,#93,.F.);
#1118=EDGE_CURVE('',#1408,#1409,#188,.F.);
#1119=EDGE_CURVE('',#1409,#1410,#189,.F.);
#1120=EDGE_CURVE('',#1410,#1344,#190,.T.);
#1121=EDGE_CURVE('',#1388,#1342,#191,.T.);
#1122=EDGE_CURVE('',#1386,#1411,#192,.T.);
#1123=EDGE_CURVE('',#1411,#1408,#193,.T.);
#1124=EDGE_CURVE('',#1412,#1384,#194,.F.);
#1125=EDGE_CURVE('',#1383,#1360,#195,.T.);
#1126=EDGE_CURVE('',#1413,#1359,#196,.T.);
#1127=EDGE_CURVE('',#1413,#1414,#197,.T.);
#1128=EDGE_CURVE('',#1414,#1415,#198,.T.);
#1129=EDGE_CURVE('',#1415,#1412,#199,.F.);
#1130=EDGE_CURVE('',#1412,#1411,#1538,.T.);
#1131=EDGE_CURVE('',#1322,#1409,#1539,.T.);
#1132=EDGE_CURVE('',#1408,#1323,#1540,.T.);
#1133=EDGE_CURVE('',#1416,#1417,#200,.F.);
#1134=EDGE_CURVE('',#1417,#1418,#201,.F.);
#1135=EDGE_CURVE('',#1418,#1354,#202,.T.);
#1136=EDGE_CURVE('',#1404,#1353,#203,.T.);
#1137=EDGE_CURVE('',#1402,#1419,#204,.T.);
#1138=EDGE_CURVE('',#1419,#1416,#205,.T.);
#1139=EDGE_CURVE('',#1414,#1417,#1541,.T.);
#1140=EDGE_CURVE('',#1416,#1415,#1542,.T.);
#1141=EDGE_CURVE('',#1324,#1419,#1543,.T.);
#1142=EDGE_CURVE('',#1420,#1421,#206,.T.);
#1143=EDGE_CURVE('',#1420,#1332,#1544,.T.);
#1144=EDGE_CURVE('',#1335,#1422,#1545,.T.);
#1145=EDGE_CURVE('',#1422,#1423,#207,.T.);
#1146=EDGE_CURVE('',#1423,#1424,#1546,.T.);
#1147=EDGE_CURVE('',#1425,#1424,#208,.T.);
#1148=EDGE_CURVE('',#1425,#1421,#1547,.T.);
#1149=EDGE_CURVE('',#1426,#1427,#209,.T.);
#1150=EDGE_CURVE('',#1426,#1428,#1548,.F.);
#1151=EDGE_CURVE('',#1428,#1429,#210,.T.);
#1152=EDGE_CURVE('',#1429,#1430,#1549,.F.);
#1153=EDGE_CURVE('',#1431,#1430,#211,.T.);
#1154=EDGE_CURVE('',#1431,#1432,#1550,.F.);
#1155=EDGE_CURVE('',#1432,#1433,#212,.T.);
#1156=EDGE_CURVE('',#1433,#1427,#1551,.F.);
#1157=EDGE_CURVE('',#1434,#1435,#213,.T.);
#1158=EDGE_CURVE('',#1434,#1420,#214,.T.);
#1159=EDGE_CURVE('',#1421,#1435,#215,.F.);
#1160=EDGE_CURVE('',#1436,#1437,#216,.T.);
#1161=EDGE_CURVE('',#1437,#1423,#217,.T.);
#1162=EDGE_CURVE('',#1422,#1436,#218,.F.);
#1163=EDGE_CURVE('',#1424,#1438,#219,.F.);
#1164=EDGE_CURVE('',#1438,#1439,#220,.T.);
#1165=EDGE_CURVE('',#1439,#1425,#221,.T.);
#1166=EDGE_CURVE('',#1440,#1440,#1552,.T.);
#1167=EDGE_CURVE('',#1441,#1441,#1553,.T.);
#1168=EDGE_CURVE('',#1442,#1442,#1554,.T.);
#1169=EDGE_CURVE('',#1443,#1443,#1555,.T.);
#1170=EDGE_CURVE('',#1444,#1445,#222,.T.);
#1171=EDGE_CURVE('',#1444,#1446,#1556,.F.);
#1172=EDGE_CURVE('',#1446,#1447,#223,.T.);
#1173=EDGE_CURVE('',#1447,#1448,#1557,.F.);
#1174=EDGE_CURVE('',#1448,#1449,#224,.T.);
#1175=EDGE_CURVE('',#1449,#1450,#1558,.T.);
#1176=EDGE_CURVE('',#1450,#1437,#1559,.F.);
#1177=EDGE_CURVE('',#1436,#1451,#1560,.F.);
#1178=EDGE_CURVE('',#1451,#1452,#1561,.T.);
#1179=EDGE_CURVE('',#1453,#1452,#225,.T.);
#1180=EDGE_CURVE('',#1453,#1454,#1562,.F.);
#1181=EDGE_CURVE('',#1454,#1455,#226,.T.);
#1182=EDGE_CURVE('',#1455,#1456,#1563,.F.);
#1183=EDGE_CURVE('',#1456,#1457,#227,.T.);
#1184=EDGE_CURVE('',#1457,#1458,#1564,.T.);
#1185=EDGE_CURVE('',#1458,#1434,#1565,.F.);
#1186=EDGE_CURVE('',#1435,#1459,#1566,.F.);
#1187=EDGE_CURVE('',#1459,#1445,#1567,.T.);
#1188=EDGE_CURVE('',#1366,#1429,#228,.T.);
#1189=EDGE_CURVE('',#1428,#1367,#229,.F.);
#1190=EDGE_CURVE('',#1368,#1426,#230,.T.);
#1191=EDGE_CURVE('',#1427,#1369,#231,.F.);
#1192=EDGE_CURVE('',#1370,#1433,#232,.T.);
#1193=EDGE_CURVE('',#1432,#1371,#233,.F.);
#1194=EDGE_CURVE('',#1430,#1365,#234,.F.);
#1195=EDGE_CURVE('',#1364,#1431,#235,.T.);
#1196=EDGE_CURVE('',#1408,#1317,#1568,.T.);
#1197=EDGE_CURVE('',#1314,#1411,#1569,.T.);
#1198=EDGE_CURVE('',#1323,#1317,#1570,.T.);
#1199=EDGE_CURVE('',#1314,#1412,#1571,.T.);
#1200=EDGE_CURVE('',#1324,#1316,#1572,.T.);
#1201=EDGE_CURVE('',#1315,#1415,#1573,.T.);
#1202=EDGE_CURVE('',#1419,#1316,#1574,.T.);
#1203=EDGE_CURVE('',#1315,#1416,#1575,.T.);
#1204=EDGE_CURVE('',#1458,#1460,#236,.T.);
#1205=EDGE_CURVE('',#1460,#1333,#1576,.T.);
#1206=EDGE_CURVE('',#1439,#1461,#1577,.T.);
#1207=EDGE_CURVE('',#1461,#1459,#237,.F.);
#1208=EDGE_CURVE('',#1450,#1462,#238,.F.);
#1209=EDGE_CURVE('',#1462,#1438,#1578,.T.);
#1210=EDGE_CURVE('',#1334,#1463,#1579,.T.);
#1211=EDGE_CURVE('',#1463,#1451,#239,.T.);
#1212=EDGE_CURVE('',#1400,#1349,#240,.T.);
#1213=EDGE_CURVE('',#1399,#1350,#241,.T.);
#1214=EDGE_CURVE('',#1398,#1407,#1580,.T.);
#1215=EDGE_CURVE('',#1406,#1351,#242,.T.);
#1216=EDGE_CURVE('',#1405,#1352,#243,.T.);
#1217=EDGE_CURVE('',#1418,#1464,#114,.F.);
#1218=EDGE_CURVE('',#1464,#1355,#244,.T.);
#1219=EDGE_CURVE('',#1464,#1465,#1581,.T.);
#1220=EDGE_CURVE('',#1465,#1356,#245,.T.);
#1221=EDGE_CURVE('',#1465,#1466,#115,.T.);
#1222=EDGE_CURVE('',#1467,#1466,#1582,.T.);
#1223=EDGE_CURVE('',#1467,#1468,#116,.T.);
#1224=EDGE_CURVE('',#1468,#1357,#246,.T.);
#1225=EDGE_CURVE('',#1468,#1469,#1583,.T.);
#1226=EDGE_CURVE('',#1469,#1358,#247,.T.);
#1227=EDGE_CURVE('',#1469,#1413,#117,.T.);
#1228=EDGE_CURVE('',#1466,#1394,#248,.T.);
#1229=EDGE_CURVE('',#1394,#1467,#249,.F.);
#1230=EDGE_CURVE('',#1470,#1347,#250,.T.);
#1231=EDGE_CURVE('',#1470,#1471,#1584,.T.);
#1232=EDGE_CURVE('',#1471,#1348,#251,.T.);
#1233=EDGE_CURVE('',#1471,#1320,#118,.T.);
#1234=EDGE_CURVE('',#1410,#1472,#119,.F.);
#1235=EDGE_CURVE('',#1472,#1345,#252,.T.);
#1236=EDGE_CURVE('',#1472,#1473,#1585,.T.);
#1237=EDGE_CURVE('',#1473,#1346,#253,.T.);
#1238=EDGE_CURVE('',#1473,#1474,#120,.T.);
#1239=EDGE_CURVE('',#1475,#1474,#1586,.T.);
#1240=EDGE_CURVE('',#1475,#1470,#121,.T.);
#1241=EDGE_CURVE('',#1474,#1376,#254,.T.);
#1242=EDGE_CURVE('',#1376,#1475,#255,.F.);
#1243=EDGE_CURVE('',#1382,#1361,#256,.T.);
#1244=EDGE_CURVE('',#1381,#1362,#257,.T.);
#1245=EDGE_CURVE('',#1380,#1391,#1587,.T.);
#1246=EDGE_CURVE('',#1390,#1363,#258,.T.);
#1247=EDGE_CURVE('',#1389,#1343,#259,.T.);
#1248=EDGE_CURVE('',#1476,#1409,#94,.F.);
#1249=EDGE_CURVE('',#1476,#1374,#122,.T.);
#1250=EDGE_CURVE('',#1477,#1322,#95,.F.);
#1251=EDGE_CURVE('',#1477,#1476,#123,.T.);
#1252=EDGE_CURVE('',#1375,#1477,#124,.T.);
#1253=EDGE_CURVE('',#1387,#1377,#125,.T.);
#1254=EDGE_CURVE('',#1478,#1417,#96,.F.);
#1255=EDGE_CURVE('',#1478,#1392,#126,.T.);
#1256=EDGE_CURVE('',#1479,#1414,#97,.F.);
#1257=EDGE_CURVE('',#1479,#1478,#127,.T.);
#1258=EDGE_CURVE('',#1393,#1479,#128,.T.);
#1259=EDGE_CURVE('',#1403,#1395,#129,.T.);
#1260=EDGE_CURVE('',#1329,#1337,#260,.T.);
#1261=EDGE_CURVE('',#1330,#1336,#261,.F.);
#1262=EDGE_CURVE('',#1331,#1339,#262,.T.);
#1263=EDGE_CURVE('',#1328,#1338,#263,.F.);
#1264=EDGE_CURVE('',#1480,#1480,#1588,.T.);
#1265=EDGE_CURVE('',#1481,#1481,#1589,.T.);
#1266=EDGE_CURVE('',#1482,#1482,#1590,.T.);
#1267=EDGE_CURVE('',#1483,#1483,#1591,.T.);
#1268=EDGE_CURVE('',#1484,#1484,#1592,.T.);
#1269=EDGE_CURVE('',#1485,#1485,#1593,.T.);
#1270=EDGE_CURVE('',#1486,#1486,#1594,.T.);
#1271=EDGE_CURVE('',#1487,#1487,#1595,.T.);
#1272=EDGE_CURVE('',#1488,#1488,#1596,.T.);
#1273=EDGE_CURVE('',#1489,#1489,#1597,.T.);
#1274=EDGE_CURVE('',#1490,#1490,#1598,.T.);
#1275=EDGE_CURVE('',#1491,#1491,#1599,.T.);
#1276=EDGE_CURVE('',#1492,#1492,#1600,.T.);
#1277=EDGE_CURVE('',#1493,#1493,#1601,.T.);
#1278=EDGE_CURVE('',#1494,#1495,#1602,.T.);
#1279=EDGE_CURVE('',#1495,#1496,#264,.F.);
#1280=EDGE_CURVE('',#1496,#1497,#1603,.T.);
#1281=EDGE_CURVE('',#1497,#1494,#265,.T.);
#1282=EDGE_CURVE('',#1456,#1496,#266,.F.);
#1283=EDGE_CURVE('',#1496,#1498,#1604,.T.);
#1284=EDGE_CURVE('',#1498,#1457,#267,.F.);
#1285=EDGE_CURVE('',#1452,#1499,#268,.F.);
#1286=EDGE_CURVE('',#1499,#1495,#1605,.T.);
#1287=EDGE_CURVE('',#1495,#1453,#269,.F.);
#1288=EDGE_CURVE('',#1454,#1494,#270,.T.);
#1289=EDGE_CURVE('',#1497,#1455,#271,.T.);
#1290=EDGE_CURVE('',#1463,#1499,#130,.F.);
#1291=EDGE_CURVE('',#1498,#1460,#131,.T.);
#1292=EDGE_CURVE('',#1499,#1334,#1606,.T.);
#1293=EDGE_CURVE('',#1498,#1333,#1607,.T.);
#1294=EDGE_CURVE('',#1500,#1500,#1608,.T.);
#1295=EDGE_CURVE('',#1501,#1501,#1609,.T.);
#1296=EDGE_CURVE('',#1502,#1503,#272,.T.);
#1297=EDGE_CURVE('',#1503,#1504,#1610,.T.);
#1298=EDGE_CURVE('',#1504,#1505,#273,.F.);
#1299=EDGE_CURVE('',#1505,#1502,#1611,.T.);
#1300=EDGE_CURVE('',#1448,#1505,#274,.F.);
#1301=EDGE_CURVE('',#1505,#1506,#1612,.T.);
#1302=EDGE_CURVE('',#1506,#1449,#275,.T.);
#1303=EDGE_CURVE('',#1507,#1504,#1613,.T.);
#1304=EDGE_CURVE('',#1504,#1444,#276,.F.);
#1305=EDGE_CURVE('',#1445,#1507,#277,.T.);
#1306=EDGE_CURVE('',#1446,#1503,#278,.T.);
#1307=EDGE_CURVE('',#1502,#1447,#279,.T.);
#1308=EDGE_CURVE('',#1462,#1506,#132,.F.);
#1309=EDGE_CURVE('',#1438,#1506,#1614,.T.);
#1310=EDGE_CURVE('',#1439,#1507,#1615,.T.);
#1311=EDGE_CURVE('',#1461,#1507,#133,.F.);
#1312=VERTEX_POINT('',#3004);
#1313=VERTEX_POINT('',#3006);
#1314=VERTEX_POINT('',#3008);
#1315=VERTEX_POINT('',#3009);
#1316=VERTEX_POINT('',#3011);
#1317=VERTEX_POINT('',#3013);
#1318=VERTEX_POINT('',#3016);
#1319=VERTEX_POINT('',#3018);
#1320=VERTEX_POINT('',#3021);
#1321=VERTEX_POINT('',#3022);
#1322=VERTEX_POINT('',#3024);
#1323=VERTEX_POINT('',#3026);
#1324=VERTEX_POINT('',#3028);
#1325=VERTEX_POINT('',#3030);
#1326=VERTEX_POINT('',#3032);
#1327=VERTEX_POINT('',#3034);
#1328=VERTEX_POINT('',#3037);
#1329=VERTEX_POINT('',#3038);
#1330=VERTEX_POINT('',#3040);
#1331=VERTEX_POINT('',#3042);
#1332=VERTEX_POINT('',#3046);
#1333=VERTEX_POINT('',#3047);
#1334=VERTEX_POINT('',#3049);
#1335=VERTEX_POINT('',#3051);
#1336=VERTEX_POINT('',#3054);
#1337=VERTEX_POINT('',#3055);
#1338=VERTEX_POINT('',#3057);
#1339=VERTEX_POINT('',#3059);
#1340=VERTEX_POINT('',#3063);
#1341=VERTEX_POINT('',#3065);
#1342=VERTEX_POINT('',#3067);
#1343=VERTEX_POINT('',#3068);
#1344=VERTEX_POINT('',#3070);
#1345=VERTEX_POINT('',#3072);
#1346=VERTEX_POINT('',#3074);
#1347=VERTEX_POINT('',#3076);
#1348=VERTEX_POINT('',#3078);
#1349=VERTEX_POINT('',#3081);
#1350=VERTEX_POINT('',#3083);
#1351=VERTEX_POINT('',#3085);
#1352=VERTEX_POINT('',#3087);
#1353=VERTEX_POINT('',#3089);
#1354=VERTEX_POINT('',#3091);
#1355=VERTEX_POINT('',#3093);
#1356=VERTEX_POINT('',#3095);
#1357=VERTEX_POINT('',#3097);
#1358=VERTEX_POINT('',#3099);
#1359=VERTEX_POINT('',#3101);
#1360=VERTEX_POINT('',#3103);
#1361=VERTEX_POINT('',#3105);
#1362=VERTEX_POINT('',#3107);
#1363=VERTEX_POINT('',#3109);
#1364=VERTEX_POINT('',#3112);
#1365=VERTEX_POINT('',#3113);
#1366=VERTEX_POINT('',#3115);
#1367=VERTEX_POINT('',#3117);
#1368=VERTEX_POINT('',#3119);
#1369=VERTEX_POINT('',#3121);
#1370=VERTEX_POINT('',#3123);
#1371=VERTEX_POINT('',#3125);
#1372=VERTEX_POINT('',#3128);
#1373=VERTEX_POINT('',#3130);
#1374=VERTEX_POINT('',#3147);
#1375=VERTEX_POINT('',#3148);
#1376=VERTEX_POINT('',#3150);
#1377=VERTEX_POINT('',#3162);
#1378=VERTEX_POINT('',#3163);
#1379=VERTEX_POINT('',#3165);
#1380=VERTEX_POINT('',#3167);
#1381=VERTEX_POINT('',#3172);
#1382=VERTEX_POINT('',#3174);
#1383=VERTEX_POINT('',#3180);
#1384=VERTEX_POINT('',#3182);
#1385=VERTEX_POINT('',#3204);
#1386=VERTEX_POINT('',#3206);
#1387=VERTEX_POINT('',#3218);
#1388=VERTEX_POINT('',#3220);
#1389=VERTEX_POINT('',#3226);
#1390=VERTEX_POINT('',#3228);
#1391=VERTEX_POINT('',#3233);
#1392=VERTEX_POINT('',#3252);
#1393=VERTEX_POINT('',#3253);
#1394=VERTEX_POINT('',#3255);
#1395=VERTEX_POINT('',#3267);
#1396=VERTEX_POINT('',#3268);
#1397=VERTEX_POINT('',#3270);
#1398=VERTEX_POINT('',#3272);
#1399=VERTEX_POINT('',#3277);
#1400=VERTEX_POINT('',#3279);
#1401=VERTEX_POINT('',#3306);
#1402=VERTEX_POINT('',#3308);
#1403=VERTEX_POINT('',#3320);
#1404=VERTEX_POINT('',#3322);
#1405=VERTEX_POINT('',#3328);
#1406=VERTEX_POINT('',#3330);
#1407=VERTEX_POINT('',#3335);
#1408=VERTEX_POINT('',#3340);
#1409=VERTEX_POINT('',#3341);
#1410=VERTEX_POINT('',#3343);
#1411=VERTEX_POINT('',#3347);
#1412=VERTEX_POINT('',#3351);
#1413=VERTEX_POINT('',#3354);
#1414=VERTEX_POINT('',#3356);
#1415=VERTEX_POINT('',#3358);
#1416=VERTEX_POINT('',#3367);
#1417=VERTEX_POINT('',#3368);
#1418=VERTEX_POINT('',#3370);
#1419=VERTEX_POINT('',#3374);
#1420=VERTEX_POINT('',#3383);
#1421=VERTEX_POINT('',#3384);
#1422=VERTEX_POINT('',#3387);
#1423=VERTEX_POINT('',#3389);
#1424=VERTEX_POINT('',#3391);
#1425=VERTEX_POINT('',#3393);
#1426=VERTEX_POINT('',#3396);
#1427=VERTEX_POINT('',#3397);
#1428=VERTEX_POINT('',#3399);
#1429=VERTEX_POINT('',#3401);
#1430=VERTEX_POINT('',#3403);
#1431=VERTEX_POINT('',#3405);
#1432=VERTEX_POINT('',#3407);
#1433=VERTEX_POINT('',#3409);
#1434=VERTEX_POINT('',#3413);
#1435=VERTEX_POINT('',#3414);
#1436=VERTEX_POINT('',#3419);
#1437=VERTEX_POINT('',#3420);
#1438=VERTEX_POINT('',#3425);
#1439=VERTEX_POINT('',#3427);
#1440=VERTEX_POINT('',#3431);
#1441=VERTEX_POINT('',#3433);
#1442=VERTEX_POINT('',#3435);
#1443=VERTEX_POINT('',#3437);
#1444=VERTEX_POINT('',#3439);
#1445=VERTEX_POINT('',#3440);
#1446=VERTEX_POINT('',#3442);
#1447=VERTEX_POINT('',#3444);
#1448=VERTEX_POINT('',#3446);
#1449=VERTEX_POINT('',#3448);
#1450=VERTEX_POINT('',#3450);
#1451=VERTEX_POINT('',#3453);
#1452=VERTEX_POINT('',#3455);
#1453=VERTEX_POINT('',#3457);
#1454=VERTEX_POINT('',#3459);
#1455=VERTEX_POINT('',#3461);
#1456=VERTEX_POINT('',#3463);
#1457=VERTEX_POINT('',#3465);
#1458=VERTEX_POINT('',#3467);
#1459=VERTEX_POINT('',#3470);
#1460=VERTEX_POINT('',#3506);
#1461=VERTEX_POINT('',#3510);
#1462=VERTEX_POINT('',#3514);
#1463=VERTEX_POINT('',#3518);
#1464=VERTEX_POINT('',#3537);
#1465=VERTEX_POINT('',#3541);
#1466=VERTEX_POINT('',#3548);
#1467=VERTEX_POINT('',#3550);
#1468=VERTEX_POINT('',#3555);
#1469=VERTEX_POINT('',#3559);
#1470=VERTEX_POINT('',#3572);
#1471=VERTEX_POINT('',#3574);
#1472=VERTEX_POINT('',#3588);
#1473=VERTEX_POINT('',#3592);
#1474=VERTEX_POINT('',#3599);
#1475=VERTEX_POINT('',#3601);
#1476=VERTEX_POINT('',#3622);
#1477=VERTEX_POINT('',#3648);
#1478=VERTEX_POINT('',#3682);
#1479=VERTEX_POINT('',#3708);
#1480=VERTEX_POINT('',#3754);
#1481=VERTEX_POINT('',#3757);
#1482=VERTEX_POINT('',#3760);
#1483=VERTEX_POINT('',#3763);
#1484=VERTEX_POINT('',#3766);
#1485=VERTEX_POINT('',#3769);
#1486=VERTEX_POINT('',#3772);
#1487=VERTEX_POINT('',#3775);
#1488=VERTEX_POINT('',#3778);
#1489=VERTEX_POINT('',#3781);
#1490=VERTEX_POINT('',#3784);
#1491=VERTEX_POINT('',#3787);
#1492=VERTEX_POINT('',#3794);
#1493=VERTEX_POINT('',#3796);
#1494=VERTEX_POINT('',#3798);
#1495=VERTEX_POINT('',#3799);
#1496=VERTEX_POINT('',#3801);
#1497=VERTEX_POINT('',#3803);
#1498=VERTEX_POINT('',#3808);
#1499=VERTEX_POINT('',#3812);
#1500=VERTEX_POINT('',#3843);
#1501=VERTEX_POINT('',#3845);
#1502=VERTEX_POINT('',#3847);
#1503=VERTEX_POINT('',#3848);
#1504=VERTEX_POINT('',#3850);
#1505=VERTEX_POINT('',#3852);
#1506=VERTEX_POINT('',#3857);
#1507=VERTEX_POINT('',#3861);
#1508=CIRCLE('',#2136,0.004);
#1509=CIRCLE('',#2137,0.004);
#1510=CIRCLE('',#2138,0.004);
#1511=CIRCLE('',#2139,0.004);
#1512=CIRCLE('',#2143,0.00135);
#1513=CIRCLE('',#2144,0.00135);
#1514=CIRCLE('',#2145,0.001);
#1515=CIRCLE('',#2146,0.001);
#1516=CIRCLE('',#2147,0.001);
#1517=CIRCLE('',#2148,0.001);
#1518=CIRCLE('',#2149,0.001);
#1519=CIRCLE('',#2150,0.001);
#1520=CIRCLE('',#2151,0.001);
#1521=CIRCLE('',#2152,0.001);
#1522=CIRCLE('',#2153,0.001);
#1523=CIRCLE('',#2154,0.001);
#1524=CIRCLE('',#2155,0.001);
#1525=CIRCLE('',#2156,0.001);
#1526=CIRCLE('',#2157,0.0024);
#1527=CIRCLE('',#2158,0.0024);
#1528=CIRCLE('',#2159,0.0024);
#1529=CIRCLE('',#2160,0.0024);
#1530=CIRCLE('',#2161,0.00135);
#1531=CIRCLE('',#2162,0.00135);
#1532=CIRCLE('',#2167,0.004);
#1533=CIRCLE('',#2169,0.001);
#1534=CIRCLE('',#2172,0.004);
#1535=CIRCLE('',#2178,0.004);
#1536=CIRCLE('',#2180,0.001);
#1537=CIRCLE('',#2183,0.004);
#1538=CIRCLE('',#2188,0.001);
#1539=CIRCLE('',#2190,0.001);
#1540=CIRCLE('',#2191,0.001);
#1541=CIRCLE('',#2194,0.001);
#1542=CIRCLE('',#2195,0.001);
#1543=CIRCLE('',#2197,0.001);
#1544=CIRCLE('',#2199,0.004);
#1545=CIRCLE('',#2200,0.004);
#1546=CIRCLE('',#2201,0.004);
#1547=CIRCLE('',#2202,0.004);
#1548=CIRCLE('',#2203,0.0024);
#1549=CIRCLE('',#2204,0.0024);
#1550=CIRCLE('',#2205,0.0024);
#1551=CIRCLE('',#2206,0.0024);
#1552=CIRCLE('',#2211,0.00225);
#1553=CIRCLE('',#2212,0.00225);
#1554=CIRCLE('',#2213,0.00225);
#1555=CIRCLE('',#2214,0.00225);
#1556=CIRCLE('',#2215,0.01);
#1557=CIRCLE('',#2216,0.01);
#1558=CIRCLE('',#2217,0.005);
#1559=CIRCLE('',#2218,0.004);
#1560=CIRCLE('',#2219,0.004);
#1561=CIRCLE('',#2220,0.005);
#1562=CIRCLE('',#2221,0.01);
#1563=CIRCLE('',#2222,0.01);
#1564=CIRCLE('',#2223,0.005);
#1565=CIRCLE('',#2224,0.004);
#1566=CIRCLE('',#2225,0.004);
#1567=CIRCLE('',#2226,0.005);
#1568=CIRCLE('',#2232,0.001);
#1569=CIRCLE('',#2233,0.001);
#1570=CIRCLE('',#2235,0.001);
#1571=CIRCLE('',#2237,0.001);
#1572=CIRCLE('',#2239,0.001);
#1573=CIRCLE('',#2241,0.001);
#1574=CIRCLE('',#2243,0.001);
#1575=CIRCLE('',#2245,0.001);
#1576=CIRCLE('',#2252,0.004);
#1577=CIRCLE('',#2254,0.004);
#1578=CIRCLE('',#2256,0.004);
#1579=CIRCLE('',#2258,0.004);
#1580=CIRCLE('',#2262,0.001);
#1581=CIRCLE('',#2268,0.004);
#1582=CIRCLE('',#2270,0.001);
#1583=CIRCLE('',#2272,0.004);
#1584=CIRCLE('',#2276,0.004);
#1585=CIRCLE('',#2280,0.004);
#1586=CIRCLE('',#2282,0.001);
#1587=CIRCLE('',#2287,0.001);
#1588=CIRCLE('',#2308,0.004);
#1589=CIRCLE('',#2310,0.00125);
#1590=CIRCLE('',#2312,0.00125);
#1591=CIRCLE('',#2314,0.004);
#1592=CIRCLE('',#2316,0.00125);
#1593=CIRCLE('',#2318,0.00125);
#1594=CIRCLE('',#2320,0.004);
#1595=CIRCLE('',#2322,0.00125);
#1596=CIRCLE('',#2324,0.00125);
#1597=CIRCLE('',#2326,0.004);
#1598=CIRCLE('',#2328,0.00125);
#1599=CIRCLE('',#2330,0.00125);
#1600=CIRCLE('',#2336,0.00225);
#1601=CIRCLE('',#2337,0.00225);
#1602=CIRCLE('',#2338,0.01);
#1603=CIRCLE('',#2339,0.01);
#1604=CIRCLE('',#2341,0.005);
#1605=CIRCLE('',#2343,0.005);
#1606=CIRCLE('',#2350,0.005);
#1607=CIRCLE('',#2352,0.005);
#1608=CIRCLE('',#2357,0.00225);
#1609=CIRCLE('',#2358,0.00225);
#1610=CIRCLE('',#2359,0.01);
#1611=CIRCLE('',#2360,0.01);
#1612=CIRCLE('',#2362,0.005);
#1613=CIRCLE('',#2364,0.005);
#1614=CIRCLE('',#2368,0.005);
#1615=CIRCLE('',#2370,0.005);
#1616=EDGE_LOOP('',(#418));
#1617=EDGE_LOOP('',(#419));
#1618=EDGE_LOOP('',(#420,#421,#422,#423));
#1619=EDGE_LOOP('',(#424));
#1620=EDGE_LOOP('',(#425));
#1621=EDGE_LOOP('',(#426,#427,#428,#429,#430,#431,#432,#433));
#1622=EDGE_LOOP('',(#434,#435,#436,#437));
#1623=EDGE_LOOP('',(#438,#439,#440,#441));
#1624=EDGE_LOOP('',(#442,#443,#444,#445));
#1625=EDGE_LOOP('',(#446));
#1626=EDGE_LOOP('',(#447));
#1627=EDGE_LOOP('',(#448,#449,#450,#451,#452,#453,#454,#455,#456,#457,#458,
#459,#460,#461,#462,#463,#464,#465,#466,#467,#468,#469,#470,#471));
#1628=EDGE_LOOP('',(#472,#473,#474,#475,#476,#477,#478,#479));
#1629=EDGE_LOOP('',(#480));
#1630=EDGE_LOOP('',(#481));
#1631=EDGE_LOOP('',(#482,#483,#484));
#1632=EDGE_LOOP('',(#485,#486,#487,#488,#489,#490,#491,#492));
#1633=EDGE_LOOP('',(#493,#494,#495,#496));
#1634=EDGE_LOOP('',(#497,#498,#499,#500,#501,#502,#503,#504));
#1635=EDGE_LOOP('',(#505,#506,#507));
#1636=EDGE_LOOP('',(#508,#509,#510,#511,#512,#513,#514,#515));
#1637=EDGE_LOOP('',(#516,#517,#518,#519));
#1638=EDGE_LOOP('',(#520,#521,#522,#523,#524,#525,#526,#527));
#1639=EDGE_LOOP('',(#528,#529,#530,#531,#532,#533,#534,#535));
#1640=EDGE_LOOP('',(#536,#537,#538,#539,#540,#541,#542,#543));
#1641=EDGE_LOOP('',(#544,#545,#546,#547));
#1642=EDGE_LOOP('',(#548,#549,#550,#551));
#1643=EDGE_LOOP('',(#552,#553,#554,#555,#556,#557,#558,#559));
#1644=EDGE_LOOP('',(#560,#561,#562,#563));
#1645=EDGE_LOOP('',(#564,#565,#566,#567));
#1646=EDGE_LOOP('',(#568,#569,#570,#571,#572,#573,#574,#575));
#1647=EDGE_LOOP('',(#576,#577,#578,#579,#580,#581,#582,#583));
#1648=EDGE_LOOP('',(#584,#585,#586,#587));
#1649=EDGE_LOOP('',(#588,#589,#590,#591));
#1650=EDGE_LOOP('',(#592,#593,#594,#595));
#1651=EDGE_LOOP('',(#596));
#1652=EDGE_LOOP('',(#597));
#1653=EDGE_LOOP('',(#598));
#1654=EDGE_LOOP('',(#599));
#1655=EDGE_LOOP('',(#600,#601,#602,#603,#604,#605,#606,#607,#608,#609,#610,
#611,#612,#613,#614,#615,#616,#617,#618,#619));
#1656=EDGE_LOOP('',(#620,#621,#622,#623));
#1657=EDGE_LOOP('',(#624,#625,#626,#627));
#1658=EDGE_LOOP('',(#628,#629,#630,#631));
#1659=EDGE_LOOP('',(#632,#633,#634,#635));
#1660=EDGE_LOOP('',(#636,#637,#638,#639));
#1661=EDGE_LOOP('',(#640,#641,#642));
#1662=EDGE_LOOP('',(#643,#644,#645));
#1663=EDGE_LOOP('',(#646,#647,#648,#649));
#1664=EDGE_LOOP('',(#650,#651,#652,#653));
#1665=EDGE_LOOP('',(#654,#655,#656));
#1666=EDGE_LOOP('',(#657,#658,#659));
#1667=EDGE_LOOP('',(#660,#661,#662,#663));
#1668=EDGE_LOOP('',(#664,#665,#666,#667));
#1669=EDGE_LOOP('',(#668,#669,#670,#671));
#1670=EDGE_LOOP('',(#672,#673,#674,#675));
#1671=EDGE_LOOP('',(#676,#677,#678,#679));
#1672=EDGE_LOOP('',(#680,#681,#682,#683,#684,#685));
#1673=EDGE_LOOP('',(#686,#687,#688,#689,#690,#691));
#1674=EDGE_LOOP('',(#692,#693,#694,#695,#696,#697));
#1675=EDGE_LOOP('',(#698,#699,#700,#701,#702,#703));
#1676=EDGE_LOOP('',(#704,#705,#706,#707));
#1677=EDGE_LOOP('',(#708,#709,#710,#711));
#1678=EDGE_LOOP('',(#712,#713,#714,#715,#716,#717));
#1679=EDGE_LOOP('',(#718,#719,#720,#721));
#1680=EDGE_LOOP('',(#722,#723,#724,#725));
#1681=EDGE_LOOP('',(#726,#727,#728));
#1682=EDGE_LOOP('',(#729,#730,#731,#732));
#1683=EDGE_LOOP('',(#733,#734,#735,#736));
#1684=EDGE_LOOP('',(#737,#738,#739,#740,#741,#742));
#1685=EDGE_LOOP('',(#743,#744,#745,#746));
#1686=EDGE_LOOP('',(#747,#748,#749,#750));
#1687=EDGE_LOOP('',(#751,#752,#753));
#1688=EDGE_LOOP('',(#754,#755,#756,#757));
#1689=EDGE_LOOP('',(#758,#759,#760,#761));
#1690=EDGE_LOOP('',(#762,#763,#764,#765));
#1691=EDGE_LOOP('',(#766,#767,#768,#769));
#1692=EDGE_LOOP('',(#770,#771,#772,#773,#774,#775));
#1693=EDGE_LOOP('',(#776,#777,#778));
#1694=EDGE_LOOP('',(#779,#780,#781,#782));
#1695=EDGE_LOOP('',(#783,#784,#785,#786));
#1696=EDGE_LOOP('',(#787,#788,#789,#790,#791,#792));
#1697=EDGE_LOOP('',(#793,#794,#795,#796));
#1698=EDGE_LOOP('',(#797,#798,#799,#800));
#1699=EDGE_LOOP('',(#801,#802,#803));
#1700=EDGE_LOOP('',(#804,#805,#806,#807,#808,#809,#810,#811));
#1701=EDGE_LOOP('',(#812,#813,#814,#815));
#1702=EDGE_LOOP('',(#816,#817,#818,#819,#820,#821,#822,#823));
#1703=EDGE_LOOP('',(#824,#825,#826));
#1704=EDGE_LOOP('',(#827,#828,#829,#830,#831,#832,#833,#834));
#1705=EDGE_LOOP('',(#835,#836,#837,#838));
#1706=EDGE_LOOP('',(#839,#840,#841,#842,#843,#844,#845,#846));
#1707=EDGE_LOOP('',(#847,#848,#849));
#1708=EDGE_LOOP('',(#850,#851,#852,#853));
#1709=EDGE_LOOP('',(#854));
#1710=EDGE_LOOP('',(#855,#856,#857,#858));
#1711=EDGE_LOOP('',(#859));
#1712=EDGE_LOOP('',(#860,#861,#862,#863));
#1713=EDGE_LOOP('',(#864));
#1714=EDGE_LOOP('',(#865,#866,#867,#868));
#1715=EDGE_LOOP('',(#869));
#1716=EDGE_LOOP('',(#870,#871,#872,#873));
#1717=EDGE_LOOP('',(#874,#875,#876,#877));
#1718=EDGE_LOOP('',(#878,#879,#880,#881));
#1719=EDGE_LOOP('',(#882,#883,#884,#885));
#1720=EDGE_LOOP('',(#886));
#1721=EDGE_LOOP('',(#887));
#1722=EDGE_LOOP('',(#888));
#1723=EDGE_LOOP('',(#889));
#1724=EDGE_LOOP('',(#890));
#1725=EDGE_LOOP('',(#891));
#1726=EDGE_LOOP('',(#892));
#1727=EDGE_LOOP('',(#893));
#1728=EDGE_LOOP('',(#894));
#1729=EDGE_LOOP('',(#895));
#1730=EDGE_LOOP('',(#896));
#1731=EDGE_LOOP('',(#897));
#1732=EDGE_LOOP('',(#898));
#1733=EDGE_LOOP('',(#899));
#1734=EDGE_LOOP('',(#900));
#1735=EDGE_LOOP('',(#901));
#1736=EDGE_LOOP('',(#902));
#1737=EDGE_LOOP('',(#903));
#1738=EDGE_LOOP('',(#904));
#1739=EDGE_LOOP('',(#905));
#1740=EDGE_LOOP('',(#906));
#1741=EDGE_LOOP('',(#907));
#1742=EDGE_LOOP('',(#908));
#1743=EDGE_LOOP('',(#909));
#1744=EDGE_LOOP('',(#910));
#1745=EDGE_LOOP('',(#911));
#1746=EDGE_LOOP('',(#912));
#1747=EDGE_LOOP('',(#913));
#1748=EDGE_LOOP('',(#914));
#1749=EDGE_LOOP('',(#915));
#1750=EDGE_LOOP('',(#916,#917,#918,#919));
#1751=EDGE_LOOP('',(#920,#921,#922,#923));
#1752=EDGE_LOOP('',(#924,#925,#926,#927));
#1753=EDGE_LOOP('',(#928,#929,#930,#931));
#1754=EDGE_LOOP('',(#932,#933,#934,#935));
#1755=EDGE_LOOP('',(#936,#937,#938,#939));
#1756=EDGE_LOOP('',(#940,#941,#942,#943));
#1757=EDGE_LOOP('',(#944,#945,#946,#947));
#1758=EDGE_LOOP('',(#948,#949,#950));
#1759=EDGE_LOOP('',(#951,#952,#953,#954,#955,#956));
#1760=EDGE_LOOP('',(#957,#958,#959));
#1761=EDGE_LOOP('',(#960));
#1762=EDGE_LOOP('',(#961));
#1763=EDGE_LOOP('',(#962));
#1764=EDGE_LOOP('',(#963));
#1765=EDGE_LOOP('',(#964));
#1766=EDGE_LOOP('',(#965));
#1767=EDGE_LOOP('',(#966,#967,#968,#969));
#1768=EDGE_LOOP('',(#970,#971,#972,#973));
#1769=EDGE_LOOP('',(#974,#975,#976,#977));
#1770=EDGE_LOOP('',(#978,#979,#980,#981));
#1771=EDGE_LOOP('',(#982,#983,#984,#985));
#1772=EDGE_LOOP('',(#986,#987,#988));
#1773=EDGE_LOOP('',(#989,#990,#991,#992,#993,#994));
#1774=EDGE_LOOP('',(#995,#996,#997));
#1775=EDGE_LOOP('',(#998,#999,#1000,#1001));
#1776=EDGE_LOOP('',(#1002,#1003,#1004,#1005));
#1777=EDGE_LOOP('',(#1006,#1007,#1008,#1009));
#1778=EDGE_LOOP('',(#1010));
#1779=EDGE_LOOP('',(#1011));
#1780=EDGE_LOOP('',(#1012));
#1781=EDGE_LOOP('',(#1013));
#1782=FACE_BOUND('',#1616,.T.);
#1783=FACE_BOUND('',#1617,.T.);
#1784=FACE_BOUND('',#1618,.T.);
#1785=FACE_BOUND('',#1619,.T.);
#1786=FACE_BOUND('',#1620,.T.);
#1787=FACE_BOUND('',#1621,.T.);
#1788=FACE_BOUND('',#1622,.T.);
#1789=FACE_BOUND('',#1623,.T.);
#1790=FACE_BOUND('',#1624,.T.);
#1791=FACE_BOUND('',#1625,.T.);
#1792=FACE_BOUND('',#1626,.T.);
#1793=FACE_BOUND('',#1627,.T.);
#1794=FACE_BOUND('',#1628,.T.);
#1795=FACE_BOUND('',#1629,.T.);
#1796=FACE_BOUND('',#1630,.T.);
#1797=FACE_BOUND('',#1631,.T.);
#1798=FACE_BOUND('',#1632,.T.);
#1799=FACE_BOUND('',#1633,.T.);
#1800=FACE_BOUND('',#1634,.T.);
#1801=FACE_BOUND('',#1635,.T.);
#1802=FACE_BOUND('',#1636,.T.);
#1803=FACE_BOUND('',#1637,.T.);
#1804=FACE_BOUND('',#1638,.T.);
#1805=FACE_BOUND('',#1639,.T.);
#1806=FACE_BOUND('',#1640,.T.);
#1807=FACE_BOUND('',#1641,.T.);
#1808=FACE_BOUND('',#1642,.T.);
#1809=FACE_BOUND('',#1643,.T.);
#1810=FACE_BOUND('',#1644,.T.);
#1811=FACE_BOUND('',#1645,.T.);
#1812=FACE_BOUND('',#1646,.T.);
#1813=FACE_BOUND('',#1647,.T.);
#1814=FACE_BOUND('',#1648,.T.);
#1815=FACE_BOUND('',#1649,.T.);
#1816=FACE_BOUND('',#1650,.T.);
#1817=FACE_BOUND('',#1651,.T.);
#1818=FACE_BOUND('',#1652,.T.);
#1819=FACE_BOUND('',#1653,.T.);
#1820=FACE_BOUND('',#1654,.T.);
#1821=FACE_BOUND('',#1655,.T.);
#1822=FACE_BOUND('',#1656,.T.);
#1823=FACE_BOUND('',#1657,.T.);
#1824=FACE_BOUND('',#1658,.T.);
#1825=FACE_BOUND('',#1659,.T.);
#1826=FACE_BOUND('',#1660,.T.);
#1827=FACE_BOUND('',#1661,.T.);
#1828=FACE_BOUND('',#1662,.T.);
#1829=FACE_BOUND('',#1663,.T.);
#1830=FACE_BOUND('',#1664,.T.);
#1831=FACE_BOUND('',#1665,.T.);
#1832=FACE_BOUND('',#1666,.T.);
#1833=FACE_BOUND('',#1667,.T.);
#1834=FACE_BOUND('',#1668,.T.);
#1835=FACE_BOUND('',#1669,.T.);
#1836=FACE_BOUND('',#1670,.T.);
#1837=FACE_BOUND('',#1671,.T.);
#1838=FACE_BOUND('',#1672,.T.);
#1839=FACE_BOUND('',#1673,.T.);
#1840=FACE_BOUND('',#1674,.T.);
#1841=FACE_BOUND('',#1675,.T.);
#1842=FACE_BOUND('',#1676,.T.);
#1843=FACE_BOUND('',#1677,.T.);
#1844=FACE_BOUND('',#1678,.T.);
#1845=FACE_BOUND('',#1679,.T.);
#1846=FACE_BOUND('',#1680,.T.);
#1847=FACE_BOUND('',#1681,.T.);
#1848=FACE_BOUND('',#1682,.T.);
#1849=FACE_BOUND('',#1683,.T.);
#1850=FACE_BOUND('',#1684,.T.);
#1851=FACE_BOUND('',#1685,.T.);
#1852=FACE_BOUND('',#1686,.T.);
#1853=FACE_BOUND('',#1687,.T.);
#1854=FACE_BOUND('',#1688,.T.);
#1855=FACE_BOUND('',#1689,.T.);
#1856=FACE_BOUND('',#1690,.T.);
#1857=FACE_BOUND('',#1691,.T.);
#1858=FACE_BOUND('',#1692,.T.);
#1859=FACE_BOUND('',#1693,.T.);
#1860=FACE_BOUND('',#1694,.T.);
#1861=FACE_BOUND('',#1695,.T.);
#1862=FACE_BOUND('',#1696,.T.);
#1863=FACE_BOUND('',#1697,.T.);
#1864=FACE_BOUND('',#1698,.T.);
#1865=FACE_BOUND('',#1699,.T.);
#1866=FACE_BOUND('',#1700,.T.);
#1867=FACE_BOUND('',#1701,.T.);
#1868=FACE_BOUND('',#1702,.T.);
#1869=FACE_BOUND('',#1703,.T.);
#1870=FACE_BOUND('',#1704,.T.);
#1871=FACE_BOUND('',#1705,.T.);
#1872=FACE_BOUND('',#1706,.T.);
#1873=FACE_BOUND('',#1707,.T.);
#1874=FACE_BOUND('',#1708,.T.);
#1875=FACE_BOUND('',#1709,.T.);
#1876=FACE_BOUND('',#1710,.T.);
#1877=FACE_BOUND('',#1711,.T.);
#1878=FACE_BOUND('',#1712,.T.);
#1879=FACE_BOUND('',#1713,.T.);
#1880=FACE_BOUND('',#1714,.T.);
#1881=FACE_BOUND('',#1715,.T.);
#1882=FACE_BOUND('',#1716,.T.);
#1883=FACE_BOUND('',#1717,.T.);
#1884=FACE_BOUND('',#1718,.T.);
#1885=FACE_BOUND('',#1719,.T.);
#1886=FACE_BOUND('',#1720,.T.);
#1887=FACE_BOUND('',#1721,.T.);
#1888=FACE_BOUND('',#1722,.T.);
#1889=FACE_BOUND('',#1723,.T.);
#1890=FACE_BOUND('',#1724,.T.);
#1891=FACE_BOUND('',#1725,.T.);
#1892=FACE_BOUND('',#1726,.T.);
#1893=FACE_BOUND('',#1727,.T.);
#1894=FACE_BOUND('',#1728,.T.);
#1895=FACE_BOUND('',#1729,.T.);
#1896=FACE_BOUND('',#1730,.T.);
#1897=FACE_BOUND('',#1731,.T.);
#1898=FACE_BOUND('',#1732,.T.);
#1899=FACE_BOUND('',#1733,.T.);
#1900=FACE_BOUND('',#1734,.T.);
#1901=FACE_BOUND('',#1735,.T.);
#1902=FACE_BOUND('',#1736,.T.);
#1903=FACE_BOUND('',#1737,.T.);
#1904=FACE_BOUND('',#1738,.T.);
#1905=FACE_BOUND('',#1739,.T.);
#1906=FACE_BOUND('',#1740,.T.);
#1907=FACE_BOUND('',#1741,.T.);
#1908=FACE_BOUND('',#1742,.T.);
#1909=FACE_BOUND('',#1743,.T.);
#1910=FACE_BOUND('',#1744,.T.);
#1911=FACE_BOUND('',#1745,.T.);
#1912=FACE_BOUND('',#1746,.T.);
#1913=FACE_BOUND('',#1747,.T.);
#1914=FACE_BOUND('',#1748,.T.);
#1915=FACE_BOUND('',#1749,.T.);
#1916=FACE_BOUND('',#1750,.T.);
#1917=FACE_BOUND('',#1751,.T.);
#1918=FACE_BOUND('',#1752,.T.);
#1919=FACE_BOUND('',#1753,.T.);
#1920=FACE_BOUND('',#1754,.T.);
#1921=FACE_BOUND('',#1755,.T.);
#1922=FACE_BOUND('',#1756,.T.);
#1923=FACE_BOUND('',#1757,.T.);
#1924=FACE_BOUND('',#1758,.T.);
#1925=FACE_BOUND('',#1759,.T.);
#1926=FACE_BOUND('',#1760,.T.);
#1927=FACE_BOUND('',#1761,.T.);
#1928=FACE_BOUND('',#1762,.T.);
#1929=FACE_BOUND('',#1763,.T.);
#1930=FACE_BOUND('',#1764,.T.);
#1931=FACE_BOUND('',#1765,.T.);
#1932=FACE_BOUND('',#1766,.T.);
#1933=FACE_BOUND('',#1767,.T.);
#1934=FACE_BOUND('',#1768,.T.);
#1935=FACE_BOUND('',#1769,.T.);
#1936=FACE_BOUND('',#1770,.T.);
#1937=FACE_BOUND('',#1771,.T.);
#1938=FACE_BOUND('',#1772,.T.);
#1939=FACE_BOUND('',#1773,.T.);
#1940=FACE_BOUND('',#1774,.T.);
#1941=FACE_BOUND('',#1775,.T.);
#1942=FACE_BOUND('',#1776,.T.);
#1943=FACE_BOUND('',#1777,.T.);
#1944=FACE_BOUND('',#1778,.T.);
#1945=FACE_BOUND('',#1779,.T.);
#1946=FACE_BOUND('',#1780,.T.);
#1947=FACE_BOUND('',#1781,.T.);
#1948=PLANE('',#2135);
#1949=PLANE('',#2140);
#1950=PLANE('',#2141);
#1951=PLANE('',#2142);
#1952=PLANE('',#2185);
#1953=PLANE('',#2186);
#1954=PLANE('',#2192);
#1955=PLANE('',#2198);
#1956=PLANE('',#2207);
#1957=PLANE('',#2208);
#1958=PLANE('',#2209);
#1959=PLANE('',#2210);
#1960=PLANE('',#2227);
#1961=PLANE('',#2228);
#1962=PLANE('',#2229);
#1963=PLANE('',#2230);
#1964=PLANE('',#2260);
#1965=PLANE('',#2263);
#1966=PLANE('',#2265);
#1967=PLANE('',#2267);
#1968=PLANE('',#2271);
#1969=PLANE('',#2274);
#1970=PLANE('',#2275);
#1971=PLANE('',#2279);
#1972=PLANE('',#2283);
#1973=PLANE('',#2285);
#1974=PLANE('',#2288);
#1975=PLANE('',#2290);
#1976=PLANE('',#2303);
#1977=PLANE('',#2304);
#1978=PLANE('',#2305);
#1979=PLANE('',#2306);
#1980=PLANE('',#2309);
#1981=PLANE('',#2315);
#1982=PLANE('',#2321);
#1983=PLANE('',#2327);
#1984=PLANE('',#2331);
#1985=PLANE('',#2332);
#1986=PLANE('',#2333);
#1987=PLANE('',#2334);
#1988=PLANE('',#2335);
#1989=PLANE('',#2340);
#1990=PLANE('',#2342);
#1991=PLANE('',#2344);
#1992=PLANE('',#2356);
#1993=PLANE('',#2361);
#1994=PLANE('',#2363);
#1995=PLANE('',#2365);
#1996=ADVANCED_FACE('',(#1782,#1783,#1784,#1785,#1786),#1948,.T.);
#1997=ADVANCED_FACE('',(#1787,#1788),#1949,.T.);
#1998=ADVANCED_FACE('',(#1789,#1790),#1950,.F.);
#1999=ADVANCED_FACE('',(#1791,#1792,#1793,#1794,#1795,#1796),#1951,.T.);
#2000=ADVANCED_FACE('',(#1797),#134,.F.);
#2001=ADVANCED_FACE('',(#1798),#20,.F.);
#2002=ADVANCED_FACE('',(#1799),#135,.F.);
#2003=ADVANCED_FACE('',(#1800),#21,.F.);
#2004=ADVANCED_FACE('',(#1801),#136,.F.);
#2005=ADVANCED_FACE('',(#1802),#22,.F.);
#2006=ADVANCED_FACE('',(#1803),#137,.F.);
#2007=ADVANCED_FACE('',(#1804),#23,.F.);
#2008=ADVANCED_FACE('',(#1805),#1952,.F.);
#2009=ADVANCED_FACE('',(#1806),#1953,.T.);
#2010=ADVANCED_FACE('',(#1807),#24,.F.);
#2011=ADVANCED_FACE('',(#1808),#25,.F.);
#2012=ADVANCED_FACE('',(#1809),#1954,.F.);
#2013=ADVANCED_FACE('',(#1810),#26,.F.);
#2014=ADVANCED_FACE('',(#1811),#27,.F.);
#2015=ADVANCED_FACE('',(#1812,#1813),#1955,.T.);
#2016=ADVANCED_FACE('',(#1814),#1956,.F.);
#2017=ADVANCED_FACE('',(#1815),#1957,.T.);
#2018=ADVANCED_FACE('',(#1816),#1958,.F.);
#2019=ADVANCED_FACE('',(#1817,#1818,#1819,#1820,#1821),#1959,.F.);
#2020=ADVANCED_FACE('',(#1822),#1960,.T.);
#2021=ADVANCED_FACE('',(#1823),#1961,.F.);
#2022=ADVANCED_FACE('',(#1824),#1962,.T.);
#2023=ADVANCED_FACE('',(#1825),#1963,.F.);
#2024=ADVANCED_FACE('',(#1826),#28,.F.);
#2025=ADVANCED_FACE('',(#1827),#16,.F.);
#2026=ADVANCED_FACE('',(#1828),#17,.F.);
#2027=ADVANCED_FACE('',(#1829),#29,.F.);
#2028=ADVANCED_FACE('',(#1830),#30,.F.);
#2029=ADVANCED_FACE('',(#1831),#18,.F.);
#2030=ADVANCED_FACE('',(#1832),#19,.F.);
#2031=ADVANCED_FACE('',(#1833),#31,.F.);
#2032=ADVANCED_FACE('',(#1834),#32,.F.);
#2033=ADVANCED_FACE('',(#1835),#33,.F.);
#2034=ADVANCED_FACE('',(#1836),#34,.F.);
#2035=ADVANCED_FACE('',(#1837),#35,.F.);
#2036=ADVANCED_FACE('',(#1838),#36,.T.);
#2037=ADVANCED_FACE('',(#1839),#37,.T.);
#2038=ADVANCED_FACE('',(#1840),#38,.T.);
#2039=ADVANCED_FACE('',(#1841),#39,.T.);
#2040=ADVANCED_FACE('',(#1842),#40,.F.);
#2041=ADVANCED_FACE('',(#1843),#1964,.T.);
#2042=ADVANCED_FACE('',(#1844),#41,.T.);
#2043=ADVANCED_FACE('',(#1845),#1965,.T.);
#2044=ADVANCED_FACE('',(#1846),#42,.F.);
#2045=ADVANCED_FACE('',(#1847),#1966,.F.);
#2046=ADVANCED_FACE('',(#1848),#43,.F.);
#2047=ADVANCED_FACE('',(#1849),#1967,.F.);
#2048=ADVANCED_FACE('',(#1850),#44,.T.);
#2049=ADVANCED_FACE('',(#1851),#1968,.F.);
#2050=ADVANCED_FACE('',(#1852),#45,.F.);
#2051=ADVANCED_FACE('',(#1853),#1969,.F.);
#2052=ADVANCED_FACE('',(#1854),#1970,.F.);
#2053=ADVANCED_FACE('',(#1855),#46,.F.);
#2054=ADVANCED_FACE('',(#1856),#47,.F.);
#2055=ADVANCED_FACE('',(#1857),#1971,.F.);
#2056=ADVANCED_FACE('',(#1858),#48,.T.);
#2057=ADVANCED_FACE('',(#1859),#1972,.F.);
#2058=ADVANCED_FACE('',(#1860),#49,.F.);
#2059=ADVANCED_FACE('',(#1861),#1973,.T.);
#2060=ADVANCED_FACE('',(#1862),#50,.T.);
#2061=ADVANCED_FACE('',(#1863),#1974,.T.);
#2062=ADVANCED_FACE('',(#1864),#51,.F.);
#2063=ADVANCED_FACE('',(#1865),#1975,.F.);
#2064=ADVANCED_FACE('',(#1866),#52,.F.);
#2065=ADVANCED_FACE('',(#1867),#138,.F.);
#2066=ADVANCED_FACE('',(#1868),#53,.F.);
#2067=ADVANCED_FACE('',(#1869),#139,.F.);
#2068=ADVANCED_FACE('',(#1870),#54,.F.);
#2069=ADVANCED_FACE('',(#1871),#140,.F.);
#2070=ADVANCED_FACE('',(#1872),#55,.F.);
#2071=ADVANCED_FACE('',(#1873),#141,.F.);
#2072=ADVANCED_FACE('',(#1874,#1875),#56,.F.);
#2073=ADVANCED_FACE('',(#1876,#1877),#57,.F.);
#2074=ADVANCED_FACE('',(#1878,#1879),#58,.F.);
#2075=ADVANCED_FACE('',(#1880,#1881),#59,.F.);
#2076=ADVANCED_FACE('',(#1882),#1976,.T.);
#2077=ADVANCED_FACE('',(#1883),#1977,.T.);
#2078=ADVANCED_FACE('',(#1884),#1978,.T.);
#2079=ADVANCED_FACE('',(#1885),#1979,.T.);
#2080=ADVANCED_FACE('',(#1886,#1887),#60,.T.);
#2081=ADVANCED_FACE('',(#1888,#1889),#1980,.T.);
#2082=ADVANCED_FACE('',(#1890,#1891),#61,.F.);
#2083=ADVANCED_FACE('',(#1892,#1893),#62,.T.);
#2084=ADVANCED_FACE('',(#1894,#1895),#1981,.T.);
#2085=ADVANCED_FACE('',(#1896,#1897),#63,.F.);
#2086=ADVANCED_FACE('',(#1898,#1899),#64,.T.);
#2087=ADVANCED_FACE('',(#1900,#1901),#1982,.T.);
#2088=ADVANCED_FACE('',(#1902,#1903),#65,.F.);
#2089=ADVANCED_FACE('',(#1904,#1905),#66,.T.);
#2090=ADVANCED_FACE('',(#1906,#1907),#1983,.T.);
#2091=ADVANCED_FACE('',(#1908,#1909),#67,.F.);
#2092=ADVANCED_FACE('',(#1910),#1984,.T.);
#2093=ADVANCED_FACE('',(#1911),#1985,.T.);
#2094=ADVANCED_FACE('',(#1912),#1986,.T.);
#2095=ADVANCED_FACE('',(#1913),#1987,.T.);
#2096=ADVANCED_FACE('',(#1914,#1915,#1916),#1988,.T.);
#2097=ADVANCED_FACE('',(#1917),#1989,.F.);
#2098=ADVANCED_FACE('',(#1918),#1990,.F.);
#2099=ADVANCED_FACE('',(#1919),#1991,.T.);
#2100=ADVANCED_FACE('',(#1920),#68,.F.);
#2101=ADVANCED_FACE('',(#1921),#69,.F.);
#2102=ADVANCED_FACE('',(#1922),#70,.T.);
#2103=ADVANCED_FACE('',(#1923),#71,.T.);
#2104=ADVANCED_FACE('',(#1924),#12,.F.);
#2105=ADVANCED_FACE('',(#1925),#72,.F.);
#2106=ADVANCED_FACE('',(#1926),#13,.F.);
#2107=ADVANCED_FACE('',(#1927,#1928),#73,.F.);
#2108=ADVANCED_FACE('',(#1929,#1930),#74,.F.);
#2109=ADVANCED_FACE('',(#1931,#1932,#1933),#1992,.T.);
#2110=ADVANCED_FACE('',(#1934),#1993,.F.);
#2111=ADVANCED_FACE('',(#1935),#1994,.F.);
#2112=ADVANCED_FACE('',(#1936),#1995,.T.);
#2113=ADVANCED_FACE('',(#1937),#75,.F.);
#2114=ADVANCED_FACE('',(#1938),#14,.F.);
#2115=ADVANCED_FACE('',(#1939),#76,.F.);
#2116=ADVANCED_FACE('',(#1940),#15,.F.);
#2117=ADVANCED_FACE('',(#1941),#77,.F.);
#2118=ADVANCED_FACE('',(#1942),#78,.T.);
#2119=ADVANCED_FACE('',(#1943),#79,.T.);
#2120=ADVANCED_FACE('',(#1944,#1945),#80,.F.);
#2121=ADVANCED_FACE('',(#1946,#1947),#81,.F.);
#2122=CLOSED_SHELL('',(#1996,#1997,#1998,#1999,#2000,#2001,#2002,#2003,
#2004,#2005,#2006,#2007,#2008,#2009,#2010,#2011,#2012,#2013,#2014,#2015,
#2016,#2017,#2018,#2019,#2020,#2021,#2022,#2023,#2024,#2025,#2026,#2027,
#2028,#2029,#2030,#2031,#2032,#2033,#2034,#2035,#2036,#2037,#2038,#2039,
#2040,#2041,#2042,#2043,#2044,#2045,#2046,#2047,#2048,#2049,#2050,#2051,
#2052,#2053,#2054,#2055,#2056,#2057,#2058,#2059,#2060,#2061,#2062,#2063,
#2064,#2065,#2066,#2067,#2068,#2069,#2070,#2071,#2072,#2073,#2074,#2075,
#2076,#2077,#2078,#2079,#2080,#2081,#2082,#2083,#2084,#2085,#2086,#2087,
#2088,#2089,#2090,#2091,#2092,#2093,#2094,#2095,#2096,#2097,#2098,#2099,
#2100,#2101,#2102,#2103,#2104,#2105,#2106,#2107,#2108,#2109,#2110,#2111,
#2112,#2113,#2114,#2115,#2116,#2117,#2118,#2119,#2120,#2121));
#2123=STYLED_ITEM('',(#2124),#2131);
#2124=PRESENTATION_STYLE_ASSIGNMENT((#2125));
#2125=SURFACE_STYLE_USAGE(.BOTH.,#2126);
#2126=SURFACE_SIDE_STYLE('',(#2127));
#2127=SURFACE_STYLE_FILL_AREA(#2128);
#2128=FILL_AREA_STYLE('',(#2129));
#2129=FILL_AREA_STYLE_COLOUR('',#2130);
#2130=COLOUR_RGB('',0.972549019607843,0.529411764705882,0.00392156862745098);
#2131=MANIFOLD_SOLID_BREP('Box',#2122);
#2132=SHAPE_DEFINITION_REPRESENTATION(#3896,#2133);
#2133=SHAPE_REPRESENTATION('Box',(#2134),#3891);
#2134=AXIS2_PLACEMENT_3D('',#3001,#2377,#2378);
#2135=AXIS2_PLACEMENT_3D('',#3002,#2379,#2380);
#2136=AXIS2_PLACEMENT_3D('',#3003,#2381,#2382);
#2137=AXIS2_PLACEMENT_3D('',#3005,#2383,#2384);
#2138=AXIS2_PLACEMENT_3D('',#3015,#2389,#2390);
#2139=AXIS2_PLACEMENT_3D('',#3017,#2391,#2392);
#2140=AXIS2_PLACEMENT_3D('',#3019,#2393,#2394);
#2141=AXIS2_PLACEMENT_3D('',#3044,#2407,#2408);
#2142=AXIS2_PLACEMENT_3D('',#3061,#2417,#2418);
#2143=AXIS2_PLACEMENT_3D('',#3062,#2419,#2420);
#2144=AXIS2_PLACEMENT_3D('',#3064,#2421,#2422);
#2145=AXIS2_PLACEMENT_3D('',#3066,#2423,#2424);
#2146=AXIS2_PLACEMENT_3D('',#3071,#2426,#2427);
#2147=AXIS2_PLACEMENT_3D('',#3075,#2429,#2430);
#2148=AXIS2_PLACEMENT_3D('',#3079,#2432,#2433);
#2149=AXIS2_PLACEMENT_3D('',#3080,#2434,#2435);
#2150=AXIS2_PLACEMENT_3D('',#3084,#2437,#2438);
#2151=AXIS2_PLACEMENT_3D('',#3088,#2440,#2441);
#2152=AXIS2_PLACEMENT_3D('',#3092,#2443,#2444);
#2153=AXIS2_PLACEMENT_3D('',#3096,#2446,#2447);
#2154=AXIS2_PLACEMENT_3D('',#3100,#2449,#2450);
#2155=AXIS2_PLACEMENT_3D('',#3104,#2452,#2453);
#2156=AXIS2_PLACEMENT_3D('',#3108,#2455,#2456);
#2157=AXIS2_PLACEMENT_3D('',#3114,#2459,#2460);
#2158=AXIS2_PLACEMENT_3D('',#3118,#2462,#2463);
#2159=AXIS2_PLACEMENT_3D('',#3122,#2465,#2466);
#2160=AXIS2_PLACEMENT_3D('',#3126,#2468,#2469);
#2161=AXIS2_PLACEMENT_3D('',#3127,#2470,#2471);
#2162=AXIS2_PLACEMENT_3D('',#3129,#2472,#2473);
#2163=AXIS2_PLACEMENT_3D('',#3149,#2474,#2475);
#2164=AXIS2_PLACEMENT_3D('',#3151,#2476,#2477);
#2165=AXIS2_PLACEMENT_3D('',#3152,#2478,#2479);
#2166=AXIS2_PLACEMENT_3D('',#3164,#2480,#2481);
#2167=AXIS2_PLACEMENT_3D('',#3173,#2483,#2484);
#2168=AXIS2_PLACEMENT_3D('',#3183,#2486,#2487);
#2169=AXIS2_PLACEMENT_3D('',#3205,#2488,#2489);
#2170=AXIS2_PLACEMENT_3D('',#3207,#2490,#2491);
#2171=AXIS2_PLACEMENT_3D('',#3208,#2492,#2493);
#2172=AXIS2_PLACEMENT_3D('',#3227,#2495,#2496);
#2173=AXIS2_PLACEMENT_3D('',#3235,#2498,#2499);
#2174=AXIS2_PLACEMENT_3D('',#3254,#2500,#2501);
#2175=AXIS2_PLACEMENT_3D('',#3256,#2502,#2503);
#2176=AXIS2_PLACEMENT_3D('',#3257,#2504,#2505);
#2177=AXIS2_PLACEMENT_3D('',#3269,#2506,#2507);
#2178=AXIS2_PLACEMENT_3D('',#3278,#2509,#2510);
#2179=AXIS2_PLACEMENT_3D('',#3285,#2511,#2512);
#2180=AXIS2_PLACEMENT_3D('',#3307,#2513,#2514);
#2181=AXIS2_PLACEMENT_3D('',#3309,#2515,#2516);
#2182=AXIS2_PLACEMENT_3D('',#3310,#2517,#2518);
#2183=AXIS2_PLACEMENT_3D('',#3329,#2520,#2521);
#2184=AXIS2_PLACEMENT_3D('',#3337,#2523,#2524);
#2185=AXIS2_PLACEMENT_3D('',#3338,#2525,#2526);
#2186=AXIS2_PLACEMENT_3D('',#3349,#2533,#2534);
#2187=AXIS2_PLACEMENT_3D('',#3360,#2541,#2542);
#2188=AXIS2_PLACEMENT_3D('',#3361,#2543,#2544);
#2189=AXIS2_PLACEMENT_3D('',#3362,#2545,#2546);
#2190=AXIS2_PLACEMENT_3D('',#3363,#2547,#2548);
#2191=AXIS2_PLACEMENT_3D('',#3364,#2549,#2550);
#2192=AXIS2_PLACEMENT_3D('',#3365,#2551,#2552);
#2193=AXIS2_PLACEMENT_3D('',#3376,#2559,#2560);
#2194=AXIS2_PLACEMENT_3D('',#3377,#2561,#2562);
#2195=AXIS2_PLACEMENT_3D('',#3378,#2563,#2564);
#2196=AXIS2_PLACEMENT_3D('',#3379,#2565,#2566);
#2197=AXIS2_PLACEMENT_3D('',#3380,#2567,#2568);
#2198=AXIS2_PLACEMENT_3D('',#3381,#2569,#2570);
#2199=AXIS2_PLACEMENT_3D('',#3385,#2572,#2573);
#2200=AXIS2_PLACEMENT_3D('',#3386,#2574,#2575);
#2201=AXIS2_PLACEMENT_3D('',#3390,#2577,#2578);
#2202=AXIS2_PLACEMENT_3D('',#3394,#2580,#2581);
#2203=AXIS2_PLACEMENT_3D('',#3398,#2583,#2584);
#2204=AXIS2_PLACEMENT_3D('',#3402,#2586,#2587);
#2205=AXIS2_PLACEMENT_3D('',#3406,#2589,#2590);
#2206=AXIS2_PLACEMENT_3D('',#3410,#2592,#2593);
#2207=AXIS2_PLACEMENT_3D('',#3411,#2594,#2595);
#2208=AXIS2_PLACEMENT_3D('',#3417,#2599,#2600);
#2209=AXIS2_PLACEMENT_3D('',#3423,#2604,#2605);
#2210=AXIS2_PLACEMENT_3D('',#3429,#2609,#2610);
#2211=AXIS2_PLACEMENT_3D('',#3430,#2611,#2612);
#2212=AXIS2_PLACEMENT_3D('',#3432,#2613,#2614);
#2213=AXIS2_PLACEMENT_3D('',#3434,#2615,#2616);
#2214=AXIS2_PLACEMENT_3D('',#3436,#2617,#2618);
#2215=AXIS2_PLACEMENT_3D('',#3441,#2620,#2621);
#2216=AXIS2_PLACEMENT_3D('',#3445,#2623,#2624);
#2217=AXIS2_PLACEMENT_3D('',#3449,#2626,#2627);
#2218=AXIS2_PLACEMENT_3D('',#3451,#2628,#2629);
#2219=AXIS2_PLACEMENT_3D('',#3452,#2630,#2631);
#2220=AXIS2_PLACEMENT_3D('',#3454,#2632,#2633);
#2221=AXIS2_PLACEMENT_3D('',#3458,#2635,#2636);
#2222=AXIS2_PLACEMENT_3D('',#3462,#2638,#2639);
#2223=AXIS2_PLACEMENT_3D('',#3466,#2641,#2642);
#2224=AXIS2_PLACEMENT_3D('',#3468,#2643,#2644);
#2225=AXIS2_PLACEMENT_3D('',#3469,#2645,#2646);
#2226=AXIS2_PLACEMENT_3D('',#3471,#2647,#2648);
#2227=AXIS2_PLACEMENT_3D('',#3472,#2649,#2650);
#2228=AXIS2_PLACEMENT_3D('',#3475,#2653,#2654);
#2229=AXIS2_PLACEMENT_3D('',#3478,#2657,#2658);
#2230=AXIS2_PLACEMENT_3D('',#3481,#2661,#2662);
#2231=AXIS2_PLACEMENT_3D('',#3484,#2665,#2666);
#2232=AXIS2_PLACEMENT_3D('',#3485,#2667,#2668);
#2233=AXIS2_PLACEMENT_3D('',#3486,#2669,#2670);
#2234=AXIS2_PLACEMENT_3D('',#3487,#2671,#2672);
#2235=AXIS2_PLACEMENT_3D('',#3488,#2673,#2674);
#2236=AXIS2_PLACEMENT_3D('',#3489,#2675,#2676);
#2237=AXIS2_PLACEMENT_3D('',#3490,#2677,#2678);
#2238=AXIS2_PLACEMENT_3D('',#3491,#2679,#2680);
#2239=AXIS2_PLACEMENT_3D('',#3492,#2681,#2682);
#2240=AXIS2_PLACEMENT_3D('',#3493,#2683,#2684);
#2241=AXIS2_PLACEMENT_3D('',#3494,#2685,#2686);
#2242=AXIS2_PLACEMENT_3D('',#3495,#2687,#2688);
#2243=AXIS2_PLACEMENT_3D('',#3496,#2689,#2690);
#2244=AXIS2_PLACEMENT_3D('',#3497,#2691,#2692);
#2245=AXIS2_PLACEMENT_3D('',#3498,#2693,#2694);
#2246=AXIS2_PLACEMENT_3D('',#3499,#2695,#2696);
#2247=AXIS2_PLACEMENT_3D('',#3500,#2697,#2698);
#2248=AXIS2_PLACEMENT_3D('',#3501,#2699,#2700);
#2249=AXIS2_PLACEMENT_3D('',#3502,#2701,#2702);
#2250=AXIS2_PLACEMENT_3D('',#3503,#2703,#2704);
#2251=AXIS2_PLACEMENT_3D('',#3504,#2705,#2706);
#2252=AXIS2_PLACEMENT_3D('',#3507,#2708,#2709);
#2253=AXIS2_PLACEMENT_3D('',#3508,#2710,#2711);
#2254=AXIS2_PLACEMENT_3D('',#3509,#2712,#2713);
#2255=AXIS2_PLACEMENT_3D('',#3512,#2715,#2716);
#2256=AXIS2_PLACEMENT_3D('',#3515,#2718,#2719);
#2257=AXIS2_PLACEMENT_3D('',#3516,#2720,#2721);
#2258=AXIS2_PLACEMENT_3D('',#3517,#2722,#2723);
#2259=AXIS2_PLACEMENT_3D('',#3520,#2725,#2726);
#2260=AXIS2_PLACEMENT_3D('',#3522,#2728,#2729);
#2261=AXIS2_PLACEMENT_3D('',#3524,#2731,#2732);
#2262=AXIS2_PLACEMENT_3D('',#3525,#2733,#2734);
#2263=AXIS2_PLACEMENT_3D('',#3527,#2736,#2737);
#2264=AXIS2_PLACEMENT_3D('',#3529,#2739,#2740);
#2265=AXIS2_PLACEMENT_3D('',#3530,#2741,#2742);
#2266=AXIS2_PLACEMENT_3D('',#3531,#2743,#2744);
#2267=AXIS2_PLACEMENT_3D('',#3539,#2746,#2747);
#2268=AXIS2_PLACEMENT_3D('',#3540,#2748,#2749);
#2269=AXIS2_PLACEMENT_3D('',#3543,#2751,#2752);
#2270=AXIS2_PLACEMENT_3D('',#3549,#2753,#2754);
#2271=AXIS2_PLACEMENT_3D('',#3557,#2756,#2757);
#2272=AXIS2_PLACEMENT_3D('',#3558,#2758,#2759);
#2273=AXIS2_PLACEMENT_3D('',#3561,#2761,#2762);
#2274=AXIS2_PLACEMENT_3D('',#3567,#2763,#2764);
#2275=AXIS2_PLACEMENT_3D('',#3570,#2767,#2768);
#2276=AXIS2_PLACEMENT_3D('',#3573,#2770,#2771);
#2277=AXIS2_PLACEMENT_3D('',#3576,#2773,#2774);
#2278=AXIS2_PLACEMENT_3D('',#3582,#2775,#2776);
#2279=AXIS2_PLACEMENT_3D('',#3590,#2778,#2779);
#2280=AXIS2_PLACEMENT_3D('',#3591,#2780,#2781);
#2281=AXIS2_PLACEMENT_3D('',#3594,#2783,#2784);
#2282=AXIS2_PLACEMENT_3D('',#3600,#2785,#2786);
#2283=AXIS2_PLACEMENT_3D('',#3606,#2787,#2788);
#2284=AXIS2_PLACEMENT_3D('',#3609,#2791,#2792);
#2285=AXIS2_PLACEMENT_3D('',#3611,#2794,#2795);
#2286=AXIS2_PLACEMENT_3D('',#3613,#2797,#2798);
#2287=AXIS2_PLACEMENT_3D('',#3614,#2799,#2800);
#2288=AXIS2_PLACEMENT_3D('',#3616,#2802,#2803);
#2289=AXIS2_PLACEMENT_3D('',#3618,#2805,#2806);
#2290=AXIS2_PLACEMENT_3D('',#3619,#2807,#2808);
#2291=AXIS2_PLACEMENT_3D('',#3620,#2809,#2810);
#2292=AXIS2_PLACEMENT_3D('',#3621,#2811,#2812);
#2293=AXIS2_PLACEMENT_3D('',#3647,#2813,#2814);
#2294=AXIS2_PLACEMENT_3D('',#3654,#2815,#2816);
#2295=AXIS2_PLACEMENT_3D('',#3680,#2817,#2818);
#2296=AXIS2_PLACEMENT_3D('',#3681,#2819,#2820);
#2297=AXIS2_PLACEMENT_3D('',#3707,#2821,#2822);
#2298=AXIS2_PLACEMENT_3D('',#3714,#2823,#2824);
#2299=AXIS2_PLACEMENT_3D('',#3740,#2825,#2826);
#2300=AXIS2_PLACEMENT_3D('',#3741,#2827,#2828);
#2301=AXIS2_PLACEMENT_3D('',#3742,#2829,#2830);
#2302=AXIS2_PLACEMENT_3D('',#3743,#2831,#2832);
#2303=AXIS2_PLACEMENT_3D('',#3744,#2833,#2834);
#2304=AXIS2_PLACEMENT_3D('',#3747,#2837,#2838);
#2305=AXIS2_PLACEMENT_3D('',#3749,#2840,#2841);
#2306=AXIS2_PLACEMENT_3D('',#3751,#2843,#2844);
#2307=AXIS2_PLACEMENT_3D('',#3752,#2845,#2846);
#2308=AXIS2_PLACEMENT_3D('',#3753,#2847,#2848);
#2309=AXIS2_PLACEMENT_3D('',#3755,#2849,#2850);
#2310=AXIS2_PLACEMENT_3D('',#3756,#2851,#2852);
#2311=AXIS2_PLACEMENT_3D('',#3758,#2853,#2854);
#2312=AXIS2_PLACEMENT_3D('',#3759,#2855,#2856);
#2313=AXIS2_PLACEMENT_3D('',#3761,#2857,#2858);
#2314=AXIS2_PLACEMENT_3D('',#3762,#2859,#2860);
#2315=AXIS2_PLACEMENT_3D('',#3764,#2861,#2862);
#2316=AXIS2_PLACEMENT_3D('',#3765,#2863,#2864);
#2317=AXIS2_PLACEMENT_3D('',#3767,#2865,#2866);
#2318=AXIS2_PLACEMENT_3D('',#3768,#2867,#2868);
#2319=AXIS2_PLACEMENT_3D('',#3770,#2869,#2870);
#2320=AXIS2_PLACEMENT_3D('',#3771,#2871,#2872);
#2321=AXIS2_PLACEMENT_3D('',#3773,#2873,#2874);
#2322=AXIS2_PLACEMENT_3D('',#3774,#2875,#2876);
#2323=AXIS2_PLACEMENT_3D('',#3776,#2877,#2878);
#2324=AXIS2_PLACEMENT_3D('',#3777,#2879,#2880);
#2325=AXIS2_PLACEMENT_3D('',#3779,#2881,#2882);
#2326=AXIS2_PLACEMENT_3D('',#3780,#2883,#2884);
#2327=AXIS2_PLACEMENT_3D('',#3782,#2885,#2886);
#2328=AXIS2_PLACEMENT_3D('',#3783,#2887,#2888);
#2329=AXIS2_PLACEMENT_3D('',#3785,#2889,#2890);
#2330=AXIS2_PLACEMENT_3D('',#3786,#2891,#2892);
#2331=AXIS2_PLACEMENT_3D('',#3788,#2893,#2894);
#2332=AXIS2_PLACEMENT_3D('',#3789,#2895,#2896);
#2333=AXIS2_PLACEMENT_3D('',#3790,#2897,#2898);
#2334=AXIS2_PLACEMENT_3D('',#3791,#2899,#2900);
#2335=AXIS2_PLACEMENT_3D('',#3792,#2901,#2902);
#2336=AXIS2_PLACEMENT_3D('',#3793,#2903,#2904);
#2337=AXIS2_PLACEMENT_3D('',#3795,#2905,#2906);
#2338=AXIS2_PLACEMENT_3D('',#3797,#2907,#2908);
#2339=AXIS2_PLACEMENT_3D('',#3802,#2910,#2911);
#2340=AXIS2_PLACEMENT_3D('',#3805,#2913,#2914);
#2341=AXIS2_PLACEMENT_3D('',#3807,#2916,#2917);
#2342=AXIS2_PLACEMENT_3D('',#3810,#2919,#2920);
#2343=AXIS2_PLACEMENT_3D('',#3813,#2922,#2923);
#2344=AXIS2_PLACEMENT_3D('',#3815,#2925,#2926);
#2345=AXIS2_PLACEMENT_3D('',#3818,#2929,#2930);
#2346=AXIS2_PLACEMENT_3D('',#3825,#2931,#2932);
#2347=AXIS2_PLACEMENT_3D('',#3832,#2933,#2934);
#2348=AXIS2_PLACEMENT_3D('',#3833,#2935,#2936);
#2349=AXIS2_PLACEMENT_3D('',#3834,#2937,#2938);
#2350=AXIS2_PLACEMENT_3D('',#3835,#2939,#2940);
#2351=AXIS2_PLACEMENT_3D('',#3836,#2941,#2942);
#2352=AXIS2_PLACEMENT_3D('',#3837,#2943,#2944);
#2353=AXIS2_PLACEMENT_3D('',#3838,#2945,#2946);
#2354=AXIS2_PLACEMENT_3D('',#3839,#2947,#2948);
#2355=AXIS2_PLACEMENT_3D('',#3840,#2949,#2950);
#2356=AXIS2_PLACEMENT_3D('',#3841,#2951,#2952);
#2357=AXIS2_PLACEMENT_3D('',#3842,#2953,#2954);
#2358=AXIS2_PLACEMENT_3D('',#3844,#2955,#2956);
#2359=AXIS2_PLACEMENT_3D('',#3849,#2958,#2959);
#2360=AXIS2_PLACEMENT_3D('',#3853,#2961,#2962);
#2361=AXIS2_PLACEMENT_3D('',#3854,#2963,#2964);
#2362=AXIS2_PLACEMENT_3D('',#3856,#2966,#2967);
#2363=AXIS2_PLACEMENT_3D('',#3859,#2969,#2970);
#2364=AXIS2_PLACEMENT_3D('',#3860,#2971,#2972);
#2365=AXIS2_PLACEMENT_3D('',#3864,#2975,#2976);
#2366=AXIS2_PLACEMENT_3D('',#3867,#2979,#2980);
#2367=AXIS2_PLACEMENT_3D('',#3874,#2981,#2982);
#2368=AXIS2_PLACEMENT_3D('',#3875,#2983,#2984);
#2369=AXIS2_PLACEMENT_3D('',#3876,#2985,#2986);
#2370=AXIS2_PLACEMENT_3D('',#3877,#2987,#2988);
#2371=AXIS2_PLACEMENT_3D('',#3878,#2989,#2990);
#2372=AXIS2_PLACEMENT_3D('',#3885,#2991,#2992);
#2373=AXIS2_PLACEMENT_3D('',#3886,#2993,#2994);
#2374=AXIS2_PLACEMENT_3D('',#3887,#2995,#2996);
#2375=AXIS2_PLACEMENT_3D('',#3888,#2997,#2998);
#2376=AXIS2_PLACEMENT_3D('',#3889,#2999,#3000);
#2377=DIRECTION('',(0.,0.,1.));
#2378=DIRECTION('',(1.,0.,0.));
#2379=DIRECTION('',(0.,0.,1.));
#2380=DIRECTION('',(1.,0.,0.));
#2381=DIRECTION('',(0.,0.,1.));
#2382=DIRECTION('',(1.,0.,0.));
#2383=DIRECTION('',(0.,0.,1.));
#2384=DIRECTION('',(1.,0.,0.));
#2385=DIRECTION('',(-1.,0.,0.));
#2386=DIRECTION('',(0.,1.,0.));
#2387=DIRECTION('',(1.,0.,0.));
#2388=DIRECTION('',(0.,-1.,0.));
#2389=DIRECTION('',(0.,0.,1.));
#2390=DIRECTION('',(1.,0.,0.));
#2391=DIRECTION('',(0.,0.,1.));
#2392=DIRECTION('',(1.,0.,0.));
#2393=DIRECTION('',(0.,1.,0.));
#2394=DIRECTION('',(0.,0.,1.));
#2395=DIRECTION('',(0.,0.,1.));
#2396=DIRECTION('',(1.,0.,0.));
#2397=DIRECTION('',(0.,0.,-1.));
#2398=DIRECTION('',(1.,0.,0.));
#2399=DIRECTION('',(0.,0.,-1.));
#2400=DIRECTION('',(1.,0.,0.));
#2401=DIRECTION('',(0.,0.,1.));
#2402=DIRECTION('',(1.,0.,0.));
#2403=DIRECTION('',(-1.,0.,0.));
#2404=DIRECTION('',(2.64843278775085E-16,0.,-1.));
#2405=DIRECTION('',(1.,0.,0.));
#2406=DIRECTION('',(0.,0.,1.));
#2407=DIRECTION('',(1.98254111540206E-16,1.,0.));
#2408=DIRECTION('',(-1.,1.98254111540206E-16,0.));
#2409=DIRECTION('',(0.,0.,1.));
#2410=DIRECTION('',(1.,-1.98254111540206E-16,0.));
#2411=DIRECTION('',(0.,0.,1.));
#2412=DIRECTION('',(-1.,1.98254111540206E-16,0.));
#2413=DIRECTION('',(-2.64843278775085E-16,5.25062689309497E-32,1.));
#2414=DIRECTION('',(1.,-1.98254111540206E-16,7.21585954215268E-17));
#2415=DIRECTION('',(0.,0.,-1.));
#2416=DIRECTION('',(-1.,1.98254111540206E-16,7.21585954215268E-17));
#2417=DIRECTION('',(0.,0.,1.));
#2418=DIRECTION('',(1.,0.,0.));
#2419=DIRECTION('',(0.,0.,-1.));
#2420=DIRECTION('',(1.,0.,0.));
#2421=DIRECTION('',(0.,0.,1.));
#2422=DIRECTION('',(1.,0.,0.));
#2423=DIRECTION('',(0.,0.,1.));
#2424=DIRECTION('',(1.,0.,0.));
#2425=DIRECTION('',(0.,-1.,0.));
#2426=DIRECTION('',(0.,0.,-1.));
#2427=DIRECTION('',(1.,0.,0.));
#2428=DIRECTION('',(1.,0.,0.));
#2429=DIRECTION('',(0.,0.,-1.));
#2430=DIRECTION('',(1.,0.,0.));
#2431=DIRECTION('',(0.,1.,0.));
#2432=DIRECTION('',(0.,0.,-1.));
#2433=DIRECTION('',(1.,0.,0.));
#2434=DIRECTION('',(0.,0.,1.));
#2435=DIRECTION('',(1.,0.,0.));
#2436=DIRECTION('',(0.,1.,0.));
#2437=DIRECTION('',(0.,0.,1.));
#2438=DIRECTION('',(1.,0.,0.));
#2439=DIRECTION('',(-1.,0.,0.));
#2440=DIRECTION('',(0.,0.,1.));
#2441=DIRECTION('',(1.,0.,0.));
#2442=DIRECTION('',(0.,1.,0.));
#2443=DIRECTION('',(0.,0.,-1.));
#2444=DIRECTION('',(1.,0.,0.));
#2445=DIRECTION('',(-1.,0.,0.));
#2446=DIRECTION('',(0.,0.,-1.));
#2447=DIRECTION('',(1.,0.,0.));
#2448=DIRECTION('',(0.,-1.,0.));
#2449=DIRECTION('',(0.,0.,-1.));
#2450=DIRECTION('',(1.,0.,0.));
#2451=DIRECTION('',(-1.,0.,0.));
#2452=DIRECTION('',(0.,0.,1.));
#2453=DIRECTION('',(1.,0.,0.));
#2454=DIRECTION('',(0.,-1.,0.));
#2455=DIRECTION('',(0.,0.,1.));
#2456=DIRECTION('',(1.,0.,0.));
#2457=DIRECTION('',(1.,0.,0.));
#2458=DIRECTION('',(1.,0.,0.));
#2459=DIRECTION('',(0.,0.,1.));
#2460=DIRECTION('',(1.,0.,0.));
#2461=DIRECTION('',(0.,-1.,0.));
#2462=DIRECTION('',(0.,0.,1.));
#2463=DIRECTION('',(1.,0.,0.));
#2464=DIRECTION('',(-1.,0.,0.));
#2465=DIRECTION('',(0.,0.,1.));
#2466=DIRECTION('',(1.,0.,0.));
#2467=DIRECTION('',(0.,1.,0.));
#2468=DIRECTION('',(0.,0.,1.));
#2469=DIRECTION('',(1.,0.,0.));
#2470=DIRECTION('',(0.,0.,1.));
#2471=DIRECTION('',(1.,0.,0.));
#2472=DIRECTION('',(0.,0.,-1.));
#2473=DIRECTION('',(1.,0.,0.));
#2474=DIRECTION('',(-0.8,-0.6,0.));
#2475=DIRECTION('',(0.6,-0.8,0.));
#2476=DIRECTION('',(-0.6,-0.8,0.));
#2477=DIRECTION('',(0.8,-0.6,0.));
#2478=DIRECTION('',(-1.,0.,0.));
#2479=DIRECTION('',(0.,0.,1.));
#2480=DIRECTION('',(0.8,-0.6,0.));
#2481=DIRECTION('',(0.6,0.8,0.));
#2482=DIRECTION('',(-1.,0.,0.));
#2483=DIRECTION('',(-1.,0.,0.));
#2484=DIRECTION('',(0.,0.,1.));
#2485=DIRECTION('',(-1.,0.,0.));
#2486=DIRECTION('',(0.8,-0.6,0.));
#2487=DIRECTION('',(0.6,0.8,0.));
#2488=DIRECTION('',(0.,0.,1.));
#2489=DIRECTION('',(1.,0.,0.));
#2490=DIRECTION('',(0.6,-0.8,0.));
#2491=DIRECTION('',(0.8,0.6,0.));
#2492=DIRECTION('',(0.,1.,0.));
#2493=DIRECTION('',(0.,0.,1.));
#2494=DIRECTION('',(0.,-1.,0.));
#2495=DIRECTION('',(0.,-1.,0.));
#2496=DIRECTION('',(0.,0.,-1.));
#2497=DIRECTION('',(0.,-1.,0.));
#2498=DIRECTION('',(0.6,-0.8,0.));
#2499=DIRECTION('',(0.8,0.6,0.));
#2500=DIRECTION('',(0.8,0.6,0.));
#2501=DIRECTION('',(-0.6,0.8,0.));
#2502=DIRECTION('',(0.6,0.8,0.));
#2503=DIRECTION('',(-0.8,0.6,0.));
#2504=DIRECTION('',(1.,0.,0.));
#2505=DIRECTION('',(0.,0.,-1.));
#2506=DIRECTION('',(-0.8,0.6,0.));
#2507=DIRECTION('',(-0.6,-0.8,0.));
#2508=DIRECTION('',(1.,0.,0.));
#2509=DIRECTION('',(1.,0.,0.));
#2510=DIRECTION('',(0.,0.,-1.));
#2511=DIRECTION('',(-0.8,0.6,0.));
#2512=DIRECTION('',(-0.6,-0.8,0.));
#2513=DIRECTION('',(0.,0.,1.));
#2514=DIRECTION('',(1.,0.,0.));
#2515=DIRECTION('',(-0.6,0.8,0.));
#2516=DIRECTION('',(-0.8,-0.6,0.));
#2517=DIRECTION('',(0.,-1.,0.));
#2518=DIRECTION('',(0.,0.,-1.));
#2519=DIRECTION('',(0.,1.,0.));
#2520=DIRECTION('',(0.,1.,0.));
#2521=DIRECTION('',(0.,0.,1.));
#2522=DIRECTION('',(0.,1.,0.));
#2523=DIRECTION('',(-0.6,0.8,0.));
#2524=DIRECTION('',(-0.8,-0.6,0.));
#2525=DIRECTION('',(1.,0.,0.));
#2526=DIRECTION('',(0.,0.,-1.));
#2527=DIRECTION('',(0.,0.,-1.));
#2528=DIRECTION('',(0.,-1.,0.));
#2529=DIRECTION('',(0.,0.,1.));
#2530=DIRECTION('',(0.,0.,1.));
#2531=DIRECTION('',(0.,0.,-1.));
#2532=DIRECTION('',(0.,-1.,0.));
#2533=DIRECTION('',(0.,-1.,0.));
#2534=DIRECTION('',(0.,0.,-1.));
#2535=DIRECTION('',(0.,0.,-1.));
#2536=DIRECTION('',(0.,0.,1.));
#2537=DIRECTION('',(0.,0.,1.));
#2538=DIRECTION('',(-1.,0.,0.));
#2539=DIRECTION('',(0.,0.,-1.));
#2540=DIRECTION('',(-1.,0.,0.));
#2541=DIRECTION('',(0.,0.,-1.));
#2542=DIRECTION('',(-1.,0.,0.));
#2543=DIRECTION('',(0.,0.,-1.));
#2544=DIRECTION('',(-1.,0.,0.));
#2545=DIRECTION('',(0.,0.,-1.));
#2546=DIRECTION('',(-1.,0.,0.));
#2547=DIRECTION('',(0.,0.,1.));
#2548=DIRECTION('',(1.,0.,0.));
#2549=DIRECTION('',(0.,0.,-1.));
#2550=DIRECTION('',(-1.,0.,0.));
#2551=DIRECTION('',(-1.,0.,0.));
#2552=DIRECTION('',(0.,0.,1.));
#2553=DIRECTION('',(0.,0.,-1.));
#2554=DIRECTION('',(0.,1.,0.));
#2555=DIRECTION('',(0.,0.,1.));
#2556=DIRECTION('',(0.,0.,1.));
#2557=DIRECTION('',(0.,0.,-1.));
#2558=DIRECTION('',(0.,1.,0.));
#2559=DIRECTION('',(0.,0.,-1.));
#2560=DIRECTION('',(-1.,0.,0.));
#2561=DIRECTION('',(0.,0.,1.));
#2562=DIRECTION('',(1.,0.,0.));
#2563=DIRECTION('',(0.,0.,-1.));
#2564=DIRECTION('',(-1.,0.,0.));
#2565=DIRECTION('',(0.,0.,-1.));
#2566=DIRECTION('',(-1.,0.,0.));
#2567=DIRECTION('',(0.,0.,-1.));
#2568=DIRECTION('',(-1.,0.,0.));
#2569=DIRECTION('',(0.,0.,1.));
#2570=DIRECTION('',(1.,0.,0.));
#2571=DIRECTION('',(0.,1.,0.));
#2572=DIRECTION('',(0.,0.,1.));
#2573=DIRECTION('',(1.,0.,0.));
#2574=DIRECTION('',(0.,0.,1.));
#2575=DIRECTION('',(1.,0.,0.));
#2576=DIRECTION('',(0.,1.,0.));
#2577=DIRECTION('',(0.,0.,1.));
#2578=DIRECTION('',(1.,0.,0.));
#2579=DIRECTION('',(1.,0.,0.));
#2580=DIRECTION('',(0.,0.,1.));
#2581=DIRECTION('',(1.,0.,0.));
#2582=DIRECTION('',(-1.,0.,0.));
#2583=DIRECTION('',(0.,0.,1.));
#2584=DIRECTION('',(1.,0.,0.));
#2585=DIRECTION('',(0.,-1.,0.));
#2586=DIRECTION('',(0.,0.,1.));
#2587=DIRECTION('',(1.,0.,0.));
#2588=DIRECTION('',(1.,0.,0.));
#2589=DIRECTION('',(0.,0.,1.));
#2590=DIRECTION('',(1.,0.,0.));
#2591=DIRECTION('',(0.,1.,0.));
#2592=DIRECTION('',(0.,0.,1.));
#2593=DIRECTION('',(1.,0.,0.));
#2594=DIRECTION('',(1.,0.,0.));
#2595=DIRECTION('',(0.,0.,-1.));
#2596=DIRECTION('',(0.,1.,0.));
#2597=DIRECTION('',(0.,0.,1.));
#2598=DIRECTION('',(0.,0.,1.));
#2599=DIRECTION('',(1.,0.,0.));
#2600=DIRECTION('',(0.,0.,-1.));
#2601=DIRECTION('',(0.,1.,0.));
#2602=DIRECTION('',(0.,0.,1.));
#2603=DIRECTION('',(0.,0.,1.));
#2604=DIRECTION('',(0.,-1.,0.));
#2605=DIRECTION('',(0.,0.,-1.));
#2606=DIRECTION('',(0.,0.,1.));
#2607=DIRECTION('',(-1.,0.,0.));
#2608=DIRECTION('',(0.,0.,1.));
#2609=DIRECTION('',(0.,0.,1.));
#2610=DIRECTION('',(1.,0.,0.));
#2611=DIRECTION('',(0.,0.,1.));
#2612=DIRECTION('',(1.,0.,0.));
#2613=DIRECTION('',(0.,0.,1.));
#2614=DIRECTION('',(1.,0.,0.));
#2615=DIRECTION('',(0.,0.,1.));
#2616=DIRECTION('',(1.,0.,0.));
#2617=DIRECTION('',(0.,0.,1.));
#2618=DIRECTION('',(1.,0.,0.));
#2619=DIRECTION('',(0.,-1.,0.));
#2620=DIRECTION('',(0.,0.,1.));
#2621=DIRECTION('',(1.,0.,0.));
#2622=DIRECTION('',(1.,0.,0.));
#2623=DIRECTION('',(0.,0.,1.));
#2624=DIRECTION('',(1.,0.,0.));
#2625=DIRECTION('',(0.,-1.,0.));
#2626=DIRECTION('',(0.,0.,1.));
#2627=DIRECTION('',(1.,0.,0.));
#2628=DIRECTION('',(0.,0.,1.));
#2629=DIRECTION('',(1.,0.,0.));
#2630=DIRECTION('',(0.,0.,1.));
#2631=DIRECTION('',(1.,0.,0.));
#2632=DIRECTION('',(0.,0.,1.));
#2633=DIRECTION('',(1.,0.,0.));
#2634=DIRECTION('',(1.98254111540206E-16,1.,0.));
#2635=DIRECTION('',(0.,0.,1.));
#2636=DIRECTION('',(1.,0.,0.));
#2637=DIRECTION('',(-1.,1.98254111540206E-16,0.));
#2638=DIRECTION('',(0.,0.,1.));
#2639=DIRECTION('',(1.,0.,0.));
#2640=DIRECTION('',(1.98254111540206E-16,1.,0.));
#2641=DIRECTION('',(0.,0.,1.));
#2642=DIRECTION('',(1.,0.,0.));
#2643=DIRECTION('',(0.,0.,1.));
#2644=DIRECTION('',(1.,0.,0.));
#2645=DIRECTION('',(0.,0.,1.));
#2646=DIRECTION('',(1.,0.,0.));
#2647=DIRECTION('',(0.,0.,1.));
#2648=DIRECTION('',(1.,0.,0.));
#2649=DIRECTION('',(-1.,0.,0.));
#2650=DIRECTION('',(0.,0.,1.));
#2651=DIRECTION('',(0.,0.,1.));
#2652=DIRECTION('',(0.,0.,1.));
#2653=DIRECTION('',(0.,1.,0.));
#2654=DIRECTION('',(0.,0.,1.));
#2655=DIRECTION('',(0.,0.,1.));
#2656=DIRECTION('',(0.,0.,1.));
#2657=DIRECTION('',(1.,0.,0.));
#2658=DIRECTION('',(0.,0.,-1.));
#2659=DIRECTION('',(0.,0.,1.));
#2660=DIRECTION('',(0.,0.,1.));
#2661=DIRECTION('',(0.,-1.,0.));
#2662=DIRECTION('',(0.,0.,-1.));
#2663=DIRECTION('',(0.,0.,1.));
#2664=DIRECTION('',(0.,0.,1.));
#2665=DIRECTION('',(0.,-1.,0.));
#2666=DIRECTION('',(0.,0.,-1.));
#2667=DIRECTION('',(0.,1.,0.));
#2668=DIRECTION('',(0.,0.,1.));
#2669=DIRECTION('',(0.,-1.,0.));
#2670=DIRECTION('',(0.,0.,-1.));
#2671=DIRECTION('',(0.,0.,1.));
#2672=DIRECTION('',(1.,0.,0.));
#2673=DIRECTION('',(1.,0.,0.));
#2674=DIRECTION('',(0.,0.,-1.));
#2675=DIRECTION('',(0.,0.,1.));
#2676=DIRECTION('',(1.,0.,0.));
#2677=DIRECTION('',(1.,0.,0.));
#2678=DIRECTION('',(0.,0.,-1.));
#2679=DIRECTION('',(-1.,0.,0.));
#2680=DIRECTION('',(0.,0.,1.));
#2681=DIRECTION('',(1.,0.,0.));
#2682=DIRECTION('',(0.,0.,-1.));
#2683=DIRECTION('',(1.,0.,0.));
#2684=DIRECTION('',(0.,0.,-1.));
#2685=DIRECTION('',(1.,0.,0.));
#2686=DIRECTION('',(0.,0.,-1.));
#2687=DIRECTION('',(0.,0.,1.));
#2688=DIRECTION('',(1.,0.,0.));
#2689=DIRECTION('',(0.,-1.,0.));
#2690=DIRECTION('',(0.,0.,-1.));
#2691=DIRECTION('',(0.,0.,1.));
#2692=DIRECTION('',(1.,0.,0.));
#2693=DIRECTION('',(0.,1.,0.));
#2694=DIRECTION('',(0.,0.,1.));
#2695=DIRECTION('',(0.,1.,0.));
#2696=DIRECTION('',(0.,0.,1.));
#2697=DIRECTION('',(0.,0.,1.));
#2698=DIRECTION('',(1.,0.,0.));
#2699=DIRECTION('',(0.,0.,1.));
#2700=DIRECTION('',(1.,0.,0.));
#2701=DIRECTION('',(0.,0.,1.));
#2702=DIRECTION('',(1.,0.,0.));
#2703=DIRECTION('',(0.,0.,1.));
#2704=DIRECTION('',(1.,0.,0.));
#2705=DIRECTION('',(0.,0.,1.));
#2706=DIRECTION('',(1.,0.,0.));
#2707=DIRECTION('',(0.,0.,1.));
#2708=DIRECTION('',(0.,0.,1.));
#2709=DIRECTION('',(1.,0.,0.));
#2710=DIRECTION('',(0.,0.,1.));
#2711=DIRECTION('',(1.,0.,0.));
#2712=DIRECTION('',(0.,0.,1.));
#2713=DIRECTION('',(1.,0.,0.));
#2714=DIRECTION('',(0.,0.,1.));
#2715=DIRECTION('',(0.,0.,-1.));
#2716=DIRECTION('',(-1.,0.,0.));
#2717=DIRECTION('',(0.,0.,-1.));
#2718=DIRECTION('',(0.,0.,1.));
#2719=DIRECTION('',(1.,0.,0.));
#2720=DIRECTION('',(0.,0.,-1.));
#2721=DIRECTION('',(-1.,0.,0.));
#2722=DIRECTION('',(0.,0.,1.));
#2723=DIRECTION('',(1.,0.,0.));
#2724=DIRECTION('',(0.,0.,-1.));
#2725=DIRECTION('',(0.,0.,1.));
#2726=DIRECTION('',(1.,0.,0.));
#2727=DIRECTION('',(0.,0.,1.));
#2728=DIRECTION('',(1.,0.,0.));
#2729=DIRECTION('',(0.,0.,-1.));
#2730=DIRECTION('',(0.,0.,1.));
#2731=DIRECTION('',(0.,0.,1.));
#2732=DIRECTION('',(1.,0.,0.));
#2733=DIRECTION('',(0.,0.,1.));
#2734=DIRECTION('',(1.,0.,0.));
#2735=DIRECTION('',(0.,0.,1.));
#2736=DIRECTION('',(0.,1.,0.));
#2737=DIRECTION('',(0.,0.,1.));
#2738=DIRECTION('',(0.,0.,1.));
#2739=DIRECTION('',(0.,0.,1.));
#2740=DIRECTION('',(1.,0.,0.));
#2741=DIRECTION('',(0.,0.,1.));
#2742=DIRECTION('',(1.,0.,0.));
#2743=DIRECTION('',(0.,0.,1.));
#2744=DIRECTION('',(1.,0.,0.));
#2745=DIRECTION('',(0.,0.,1.));
#2746=DIRECTION('',(0.,1.,0.));
#2747=DIRECTION('',(0.,0.,1.));
#2748=DIRECTION('',(0.,1.,0.));
#2749=DIRECTION('',(0.,0.,1.));
#2750=DIRECTION('',(0.,0.,1.));
#2751=DIRECTION('',(0.,0.,1.));
#2752=DIRECTION('',(1.,0.,0.));
#2753=DIRECTION('',(0.,0.,-1.));
#2754=DIRECTION('',(1.,0.,0.));
#2755=DIRECTION('',(0.,0.,1.));
#2756=DIRECTION('',(-1.,0.,0.));
#2757=DIRECTION('',(0.,0.,1.));
#2758=DIRECTION('',(-1.,0.,0.));
#2759=DIRECTION('',(0.,0.,1.));
#2760=DIRECTION('',(0.,0.,1.));
#2761=DIRECTION('',(0.,0.,1.));
#2762=DIRECTION('',(1.,0.,0.));
#2763=DIRECTION('',(0.,0.,1.));
#2764=DIRECTION('',(1.,0.,0.));
#2765=DIRECTION('',(0.,1.,0.));
#2766=DIRECTION('',(-1.,0.,0.));
#2767=DIRECTION('',(1.,0.,0.));
#2768=DIRECTION('',(0.,0.,-1.));
#2769=DIRECTION('',(0.,0.,1.));
#2770=DIRECTION('',(1.,0.,0.));
#2771=DIRECTION('',(0.,0.,-1.));
#2772=DIRECTION('',(0.,0.,1.));
#2773=DIRECTION('',(0.,0.,1.));
#2774=DIRECTION('',(1.,0.,0.));
#2775=DIRECTION('',(0.,0.,1.));
#2776=DIRECTION('',(1.,0.,0.));
#2777=DIRECTION('',(0.,0.,1.));
#2778=DIRECTION('',(0.,-1.,0.));
#2779=DIRECTION('',(0.,0.,-1.));
#2780=DIRECTION('',(0.,-1.,0.));
#2781=DIRECTION('',(0.,0.,-1.));
#2782=DIRECTION('',(0.,0.,1.));
#2783=DIRECTION('',(0.,0.,1.));
#2784=DIRECTION('',(1.,0.,0.));
#2785=DIRECTION('',(0.,0.,-1.));
#2786=DIRECTION('',(1.,0.,0.));
#2787=DIRECTION('',(0.,0.,1.));
#2788=DIRECTION('',(1.,0.,0.));
#2789=DIRECTION('',(0.,-1.,0.));
#2790=DIRECTION('',(1.,0.,0.));
#2791=DIRECTION('',(0.,0.,1.));
#2792=DIRECTION('',(1.,0.,0.));
#2793=DIRECTION('',(0.,0.,1.));
#2794=DIRECTION('',(-1.,0.,0.));
#2795=DIRECTION('',(0.,0.,1.));
#2796=DIRECTION('',(0.,0.,1.));
#2797=DIRECTION('',(0.,0.,1.));
#2798=DIRECTION('',(1.,0.,0.));
#2799=DIRECTION('',(0.,0.,1.));
#2800=DIRECTION('',(1.,0.,0.));
#2801=DIRECTION('',(0.,0.,1.));
#2802=DIRECTION('',(0.,-1.,0.));
#2803=DIRECTION('',(0.,0.,-1.));
#2804=DIRECTION('',(0.,0.,1.));
#2805=DIRECTION('',(0.,0.,1.));
#2806=DIRECTION('',(1.,0.,0.));
#2807=DIRECTION('',(0.,0.,1.));
#2808=DIRECTION('',(1.,0.,0.));
#2809=DIRECTION('',(0.,1.,0.));
#2810=DIRECTION('',(0.,0.,1.));
#2811=DIRECTION('',(-0.6,-0.8,0.));
#2812=DIRECTION('',(0.8,-0.6,0.));
#2813=DIRECTION('',(-0.8,-0.6,0.));
#2814=DIRECTION('',(0.6,-0.8,0.));
#2815=DIRECTION('',(1.,0.,0.));
#2816=DIRECTION('',(0.,0.,-1.));
#2817=DIRECTION('',(0.,-1.,0.));
#2818=DIRECTION('',(0.,0.,-1.));
#2819=DIRECTION('',(0.6,0.8,0.));
#2820=DIRECTION('',(-0.8,0.6,0.));
#2821=DIRECTION('',(0.8,0.6,0.));
#2822=DIRECTION('',(-0.6,0.8,0.));
#2823=DIRECTION('',(-1.,0.,0.));
#2824=DIRECTION('',(0.,0.,1.));
#2825=DIRECTION('',(0.,0.,1.));
#2826=DIRECTION('',(1.,0.,0.));
#2827=DIRECTION('',(0.,0.,1.));
#2828=DIRECTION('',(1.,0.,0.));
#2829=DIRECTION('',(0.,0.,1.));
#2830=DIRECTION('',(1.,0.,0.));
#2831=DIRECTION('',(0.,0.,1.));
#2832=DIRECTION('',(1.,0.,0.));
#2833=DIRECTION('',(0.939692620785908,-0.342020143325668,2.48871274729692E-16));
#2834=DIRECTION('',(-0.342020143325668,-0.939692620785908,-9.05817361654946E-17));
#2835=DIRECTION('',(-0.323615577118185,-0.889126490715988,0.323615577118185));
#2836=DIRECTION('',(0.323615577118185,0.889126490715988,0.323615577118185));
#2837=DIRECTION('',(0.,-0.342020143325668,0.939692620785908));
#2838=DIRECTION('',(0.,-0.939692620785908,-0.342020143325668));
#2839=DIRECTION('',(0.323615577118185,-0.889126490715988,-0.323615577118185));
#2840=DIRECTION('',(-0.939692620785908,-0.342020143325668,0.));
#2841=DIRECTION('',(0.342020143325668,-0.939692620785908,0.));
#2842=DIRECTION('',(-0.323615577118185,0.889126490715988,-0.323615577118185));
#2843=DIRECTION('',(0.,-0.342020143325668,-0.939692620785908));
#2844=DIRECTION('',(0.,-0.939692620785908,0.342020143325668));
#2845=DIRECTION('',(0.,0.,-1.));
#2846=DIRECTION('',(-1.,0.,0.));
#2847=DIRECTION('',(0.,0.,1.));
#2848=DIRECTION('',(1.,0.,0.));
#2849=DIRECTION('',(0.,0.,1.));
#2850=DIRECTION('',(1.,0.,0.));
#2851=DIRECTION('',(0.,0.,1.));
#2852=DIRECTION('',(1.,0.,0.));
#2853=DIRECTION('',(0.,0.,1.));
#2854=DIRECTION('',(1.,0.,0.));
#2855=DIRECTION('',(0.,0.,1.));
#2856=DIRECTION('',(1.,0.,0.));
#2857=DIRECTION('',(0.,0.,-1.));
#2858=DIRECTION('',(-1.,0.,0.));
#2859=DIRECTION('',(0.,0.,1.));
#2860=DIRECTION('',(1.,0.,0.));
#2861=DIRECTION('',(0.,0.,1.));
#2862=DIRECTION('',(1.,0.,0.));
#2863=DIRECTION('',(0.,0.,1.));
#2864=DIRECTION('',(1.,0.,0.));
#2865=DIRECTION('',(0.,0.,1.));
#2866=DIRECTION('',(1.,0.,0.));
#2867=DIRECTION('',(0.,0.,1.));
#2868=DIRECTION('',(1.,0.,0.));
#2869=DIRECTION('',(0.,0.,-1.));
#2870=DIRECTION('',(-1.,0.,0.));
#2871=DIRECTION('',(0.,0.,1.));
#2872=DIRECTION('',(1.,0.,0.));
#2873=DIRECTION('',(0.,0.,1.));
#2874=DIRECTION('',(1.,0.,0.));
#2875=DIRECTION('',(0.,0.,1.));
#2876=DIRECTION('',(1.,0.,0.));
#2877=DIRECTION('',(0.,0.,1.));
#2878=DIRECTION('',(1.,0.,0.));
#2879=DIRECTION('',(0.,0.,1.));
#2880=DIRECTION('',(1.,0.,0.));
#2881=DIRECTION('',(0.,0.,-1.));
#2882=DIRECTION('',(-1.,0.,0.));
#2883=DIRECTION('',(0.,0.,1.));
#2884=DIRECTION('',(1.,0.,0.));
#2885=DIRECTION('',(0.,0.,1.));
#2886=DIRECTION('',(1.,0.,0.));
#2887=DIRECTION('',(0.,0.,1.));
#2888=DIRECTION('',(1.,0.,0.));
#2889=DIRECTION('',(0.,0.,1.));
#2890=DIRECTION('',(1.,0.,0.));
#2891=DIRECTION('',(0.,0.,1.));
#2892=DIRECTION('',(1.,0.,0.));
#2893=DIRECTION('',(0.,0.,1.));
#2894=DIRECTION('',(1.,0.,0.));
#2895=DIRECTION('',(0.,0.,1.));
#2896=DIRECTION('',(1.,0.,0.));
#2897=DIRECTION('',(0.,0.,1.));
#2898=DIRECTION('',(1.,0.,0.));
#2899=DIRECTION('',(0.,0.,1.));
#2900=DIRECTION('',(1.,0.,0.));
#2901=DIRECTION('',(0.,0.,1.));
#2902=DIRECTION('',(1.,0.,0.));
#2903=DIRECTION('',(0.,0.,1.));
#2904=DIRECTION('',(1.,0.,0.));
#2905=DIRECTION('',(0.,0.,1.));
#2906=DIRECTION('',(1.,0.,0.));
#2907=DIRECTION('',(0.,0.,1.));
#2908=DIRECTION('',(1.,0.,0.));
#2909=DIRECTION('',(1.,-1.98254111540206E-16,0.));
#2910=DIRECTION('',(0.,0.,1.));
#2911=DIRECTION('',(1.,0.,0.));
#2912=DIRECTION('',(1.,-1.98254111540206E-16,0.));
#2913=DIRECTION('',(1.,-1.98254111540206E-16,0.));
#2914=DIRECTION('',(1.98254111540206E-16,1.,0.));
#2915=DIRECTION('',(0.,0.,-1.));
#2916=DIRECTION('',(1.,-1.98254111540206E-16,0.));
#2917=DIRECTION('',(1.98254111540206E-16,1.,0.));
#2918=DIRECTION('',(0.,0.,1.));
#2919=DIRECTION('',(-1.,1.98254111540206E-16,0.));
#2920=DIRECTION('',(-1.98254111540206E-16,-1.,0.));
#2921=DIRECTION('',(0.,0.,-1.));
#2922=DIRECTION('',(-1.,1.98254111540206E-16,0.));
#2923=DIRECTION('',(-1.98254111540206E-16,-1.,0.));
#2924=DIRECTION('',(0.,0.,1.));
#2925=DIRECTION('',(-1.98254111540206E-16,-1.,0.));
#2926=DIRECTION('',(1.,-1.98254111540206E-16,0.));
#2927=DIRECTION('',(0.,0.,1.));
#2928=DIRECTION('',(0.,0.,-1.));
#2929=DIRECTION('',(0.,0.,-1.));
#2930=DIRECTION('',(-1.,0.,0.));
#2931=DIRECTION('',(0.,0.,1.));
#2932=DIRECTION('',(1.,0.,0.));
#2933=DIRECTION('',(0.,0.,-1.));
#2934=DIRECTION('',(-1.,0.,0.));
#2935=DIRECTION('',(0.,0.,1.));
#2936=DIRECTION('',(1.,0.,0.));
#2937=DIRECTION('',(0.,0.,1.));
#2938=DIRECTION('',(1.,0.,0.));
#2939=DIRECTION('',(1.,0.,0.));
#2940=DIRECTION('',(0.,0.,-1.));
#2941=DIRECTION('',(1.,-1.98254111540206E-16,0.));
#2942=DIRECTION('',(1.98254111540206E-16,1.,0.));
#2943=DIRECTION('',(1.,0.,0.));
#2944=DIRECTION('',(0.,0.,-1.));
#2945=DIRECTION('',(0.,0.,1.));
#2946=DIRECTION('',(1.,0.,0.));
#2947=DIRECTION('',(0.,0.,1.));
#2948=DIRECTION('',(1.,0.,0.));
#2949=DIRECTION('',(0.,0.,1.));
#2950=DIRECTION('',(1.,0.,0.));
#2951=DIRECTION('',(0.,0.,1.));
#2952=DIRECTION('',(1.,0.,0.));
#2953=DIRECTION('',(0.,0.,1.));
#2954=DIRECTION('',(1.,0.,0.));
#2955=DIRECTION('',(0.,0.,1.));
#2956=DIRECTION('',(1.,0.,0.));
#2957=DIRECTION('',(-1.,0.,0.));
#2958=DIRECTION('',(0.,0.,1.));
#2959=DIRECTION('',(1.,0.,0.));
#2960=DIRECTION('',(-1.,0.,0.));
#2961=DIRECTION('',(0.,0.,1.));
#2962=DIRECTION('',(1.,0.,0.));
#2963=DIRECTION('',(-1.,0.,0.));
#2964=DIRECTION('',(0.,0.,1.));
#2965=DIRECTION('',(0.,0.,-1.));
#2966=DIRECTION('',(-1.,0.,0.));
#2967=DIRECTION('',(0.,0.,1.));
#2968=DIRECTION('',(0.,0.,-1.));
#2969=DIRECTION('',(1.,0.,0.));
#2970=DIRECTION('',(0.,0.,-1.));
#2971=DIRECTION('',(1.,0.,0.));
#2972=DIRECTION('',(0.,0.,-1.));
#2973=DIRECTION('',(0.,0.,1.));
#2974=DIRECTION('',(0.,0.,1.));
#2975=DIRECTION('',(0.,1.,0.));
#2976=DIRECTION('',(-1.,0.,0.));
#2977=DIRECTION('',(0.,0.,1.));
#2978=DIRECTION('',(0.,0.,-1.));
#2979=DIRECTION('',(0.,0.,-1.));
#2980=DIRECTION('',(-1.,0.,0.));
#2981=DIRECTION('',(0.,0.,1.));
#2982=DIRECTION('',(1.,0.,0.));
#2983=DIRECTION('',(1.,0.,0.));
#2984=DIRECTION('',(0.,0.,-1.));
#2985=DIRECTION('',(-1.,0.,0.));
#2986=DIRECTION('',(0.,0.,1.));
#2987=DIRECTION('',(1.,0.,0.));
#2988=DIRECTION('',(0.,0.,-1.));
#2989=DIRECTION('',(0.,0.,1.));
#2990=DIRECTION('',(1.,0.,0.));
#2991=DIRECTION('',(0.,0.,1.));
#2992=DIRECTION('',(1.,0.,0.));
#2993=DIRECTION('',(0.,0.,-1.));
#2994=DIRECTION('',(-1.,0.,0.));
#2995=DIRECTION('',(0.,0.,1.));
#2996=DIRECTION('',(1.,0.,0.));
#2997=DIRECTION('',(0.,0.,1.));
#2998=DIRECTION('',(1.,0.,0.));
#2999=DIRECTION('',(0.,0.,1.));
#3000=DIRECTION('',(1.,0.,0.));
#3001=CARTESIAN_POINT('',(0.,0.,0.));
#3002=CARTESIAN_POINT('',(0.,0.,0.));
#3003=CARTESIAN_POINT('',(0.012935,0.02026,0.));
#3004=CARTESIAN_POINT('',(0.016935,0.02026,0.));
#3005=CARTESIAN_POINT('',(-0.014,-0.0207,0.));
#3006=CARTESIAN_POINT('',(-0.01,-0.0207,0.));
#3007=CARTESIAN_POINT('',(-0.031,0.04,0.));
#3008=CARTESIAN_POINT('',(0.031,0.04,0.));
#3009=CARTESIAN_POINT('',(-0.031,0.04,0.));
#3010=CARTESIAN_POINT('',(-0.031,0.,0.));
#3011=CARTESIAN_POINT('',(-0.031,-0.04,0.));
#3012=CARTESIAN_POINT('',(0.031,-0.04,0.));
#3013=CARTESIAN_POINT('',(0.031,-0.04,0.));
#3014=CARTESIAN_POINT('',(0.031,0.,0.));
#3015=CARTESIAN_POINT('',(0.012,-0.0207,0.));
#3016=CARTESIAN_POINT('',(0.016,-0.0207,0.));
#3017=CARTESIAN_POINT('',(-0.015,0.0203,0.));
#3018=CARTESIAN_POINT('',(-0.011,0.0203,0.));
#3019=CARTESIAN_POINT('',(0.016,-0.041,0.031));
#3020=CARTESIAN_POINT('',(0.0266,-0.041,0.025));
#3021=CARTESIAN_POINT('',(0.0266,-0.041,0.021));
#3022=CARTESIAN_POINT('',(0.0266,-0.041,0.03));
#3023=CARTESIAN_POINT('',(0.016,-0.041,0.021));
#3024=CARTESIAN_POINT('',(0.031,-0.041,0.021));
#3025=CARTESIAN_POINT('',(0.031,-0.041,0.031));
#3026=CARTESIAN_POINT('',(0.031,-0.041,0.001));
#3027=CARTESIAN_POINT('',(-0.031,-0.041,0.001));
#3028=CARTESIAN_POINT('',(-0.031,-0.041,0.001));
#3029=CARTESIAN_POINT('',(-0.031,-0.041,0.031));
#3030=CARTESIAN_POINT('',(-0.031,-0.041,0.021));
#3031=CARTESIAN_POINT('',(0.016,-0.041,0.021));
#3032=CARTESIAN_POINT('',(-0.0266,-0.041,0.021));
#3033=CARTESIAN_POINT('',(-0.0266,-0.041,0.025));
#3034=CARTESIAN_POINT('',(-0.0266,-0.041,0.03));
#3035=CARTESIAN_POINT('',(0.016,-0.041,0.03));
#3036=CARTESIAN_POINT('',(0.016,-0.041,0.0207));
#3037=CARTESIAN_POINT('',(0.01698,-0.041,0.0207));
#3038=CARTESIAN_POINT('',(-0.01527,-0.041,0.0207));
#3039=CARTESIAN_POINT('',(-0.01527,-0.041,0.031));
#3040=CARTESIAN_POINT('',(-0.01527,-0.041,0.0076));
#3041=CARTESIAN_POINT('',(0.016,-0.041,0.0076));
#3042=CARTESIAN_POINT('',(0.01698,-0.041,0.0076));
#3043=CARTESIAN_POINT('',(0.01698,-0.041,0.031));
#3044=CARTESIAN_POINT('',(-0.0175,-0.044,-0.003));
#3045=CARTESIAN_POINT('',(-0.031,-0.044,-0.003));
#3046=CARTESIAN_POINT('',(-0.031,-0.044,0.031));
#3047=CARTESIAN_POINT('',(-0.031,-0.044,0.005));
#3048=CARTESIAN_POINT('',(-0.0175,-0.044,0.005));
#3049=CARTESIAN_POINT('',(0.031,-0.044,0.005));
#3050=CARTESIAN_POINT('',(0.031,-0.044,0.031));
#3051=CARTESIAN_POINT('',(0.031,-0.044,0.031));
#3052=CARTESIAN_POINT('',(-0.0175,-0.044,0.031));
#3053=CARTESIAN_POINT('',(-0.0163619107027986,-0.044,0.031));
#3054=CARTESIAN_POINT('',(-0.0163619107027986,-0.044,0.00650808929720139));
#3055=CARTESIAN_POINT('',(-0.0163619107027986,-0.044,0.0217919107027986));
#3056=CARTESIAN_POINT('',(0.016,-0.044,0.0217919107027986));
#3057=CARTESIAN_POINT('',(0.0180719107027986,-0.044,0.0217919107027986));
#3058=CARTESIAN_POINT('',(0.0180719107027986,-0.044,0.031));
#3059=CARTESIAN_POINT('',(0.0180719107027986,-0.044,0.00650808929720139));
#3060=CARTESIAN_POINT('',(0.016,-0.044,0.00650808929720139));
#3061=CARTESIAN_POINT('',(0.,0.,0.03));
#3062=CARTESIAN_POINT('',(-0.0301,0.0391,0.03));
#3063=CARTESIAN_POINT('',(-0.02875,0.0391,0.03));
#3064=CARTESIAN_POINT('',(-0.0301,-0.0391,0.03));
#3065=CARTESIAN_POINT('',(-0.02875,-0.0391,0.03));
#3066=CARTESIAN_POINT('',(0.031,0.0356,0.03));
#3067=CARTESIAN_POINT('',(0.032,0.0356,0.03));
#3068=CARTESIAN_POINT('',(0.031,0.0366,0.03));
#3069=CARTESIAN_POINT('',(0.032,0.0205,0.03));
#3070=CARTESIAN_POINT('',(0.032,-0.0356,0.03));
#3071=CARTESIAN_POINT('',(0.031,-0.0356,0.03));
#3072=CARTESIAN_POINT('',(0.031,-0.0366,0.03));
#3073=CARTESIAN_POINT('',(0.0298,-0.0366,0.03));
#3074=CARTESIAN_POINT('',(0.0286,-0.0366,0.03));
#3075=CARTESIAN_POINT('',(0.0286,-0.0376,0.03));
#3076=CARTESIAN_POINT('',(0.0276,-0.0376,0.03));
#3077=CARTESIAN_POINT('',(0.0276,-0.0388,0.03));
#3078=CARTESIAN_POINT('',(0.0276,-0.04,0.03));
#3079=CARTESIAN_POINT('',(0.0266,-0.04,0.03));
#3080=CARTESIAN_POINT('',(-0.0266,-0.04,0.03));
#3081=CARTESIAN_POINT('',(-0.0276,-0.04,0.03));
#3082=CARTESIAN_POINT('',(-0.0276,-0.0388,0.03));
#3083=CARTESIAN_POINT('',(-0.0276,-0.0376,0.03));
#3084=CARTESIAN_POINT('',(-0.0286,-0.0376,0.03));
#3085=CARTESIAN_POINT('',(-0.0286,-0.0366,0.03));
#3086=CARTESIAN_POINT('',(-0.0298,-0.0366,0.03));
#3087=CARTESIAN_POINT('',(-0.031,-0.0366,0.03));
#3088=CARTESIAN_POINT('',(-0.031,-0.0356,0.03));
#3089=CARTESIAN_POINT('',(-0.032,-0.0356,0.03));
#3090=CARTESIAN_POINT('',(-0.032,-0.0205,0.03));
#3091=CARTESIAN_POINT('',(-0.032,0.0356,0.03));
#3092=CARTESIAN_POINT('',(-0.031,0.0356,0.03));
#3093=CARTESIAN_POINT('',(-0.031,0.0366,0.03));
#3094=CARTESIAN_POINT('',(-0.0298,0.0366,0.03));
#3095=CARTESIAN_POINT('',(-0.0286,0.0366,0.03));
#3096=CARTESIAN_POINT('',(-0.0286,0.0376,0.03));
#3097=CARTESIAN_POINT('',(-0.0276,0.0376,0.03));
#3098=CARTESIAN_POINT('',(-0.0276,0.0388,0.03));
#3099=CARTESIAN_POINT('',(-0.0276,0.04,0.03));
#3100=CARTESIAN_POINT('',(-0.0266,0.04,0.03));
#3101=CARTESIAN_POINT('',(-0.0266,0.041,0.03));
#3102=CARTESIAN_POINT('',(-0.016,0.041,0.03));
#3103=CARTESIAN_POINT('',(0.0266,0.041,0.03));
#3104=CARTESIAN_POINT('',(0.0266,0.04,0.03));
#3105=CARTESIAN_POINT('',(0.0276,0.04,0.03));
#3106=CARTESIAN_POINT('',(0.0276,0.0388,0.03));
#3107=CARTESIAN_POINT('',(0.0276,0.0376,0.03));
#3108=CARTESIAN_POINT('',(0.0286,0.0376,0.03));
#3109=CARTESIAN_POINT('',(0.0286,0.0366,0.03));
#3110=CARTESIAN_POINT('',(0.0298,0.0366,0.03));
#3111=CARTESIAN_POINT('',(-6.93889390390723E-18,-0.0426,0.03));
#3112=CARTESIAN_POINT('',(-0.0312,-0.0426,0.03));
#3113=CARTESIAN_POINT('',(0.0312,-0.0426,0.03));
#3114=CARTESIAN_POINT('',(0.0312,-0.0402,0.03));
#3115=CARTESIAN_POINT('',(0.0336,-0.0402,0.03));
#3116=CARTESIAN_POINT('',(0.0336,6.93889390390723E-18,0.03));
#3117=CARTESIAN_POINT('',(0.0336,0.0402,0.03));
#3118=CARTESIAN_POINT('',(0.0312,0.0402,0.03));
#3119=CARTESIAN_POINT('',(0.0312,0.0426,0.03));
#3120=CARTESIAN_POINT('',(6.93889390390723E-18,0.0426,0.03));
#3121=CARTESIAN_POINT('',(-0.0312,0.0426,0.03));
#3122=CARTESIAN_POINT('',(-0.0312,0.0402,0.03));
#3123=CARTESIAN_POINT('',(-0.0336,0.0402,0.03));
#3124=CARTESIAN_POINT('',(-0.0336,0.,0.03));
#3125=CARTESIAN_POINT('',(-0.0336,-0.0402,0.03));
#3126=CARTESIAN_POINT('',(-0.0312,-0.0402,0.03));
#3127=CARTESIAN_POINT('',(0.0301,0.0391,0.03));
#3128=CARTESIAN_POINT('',(0.03145,0.0391,0.03));
#3129=CARTESIAN_POINT('',(0.0301,-0.0391,0.03));
#3130=CARTESIAN_POINT('',(0.03145,-0.0391,0.03));
#3131=CARTESIAN_POINT('',(0.028,-0.037,0.025));
#3132=CARTESIAN_POINT('',(0.028,-0.037,0.025));
#3133=CARTESIAN_POINT('',(0.028,-0.037,0.025));
#3134=CARTESIAN_POINT('',(0.0283398128555344,-0.0374530838073786,0.025));
#3135=CARTESIAN_POINT('',(0.0283964483424707,-0.0373964483424689,0.0249999999999947));
#3136=CARTESIAN_POINT('',(0.0284530838073803,-0.0373398128555352,0.025));
#3137=CARTESIAN_POINT('',(0.0286795505889258,-0.0379060674519051,0.0249222859035967));
#3138=CARTESIAN_POINT('',(0.0287999143016144,-0.0377999143016343,0.0249401960547164));
#3139=CARTESIAN_POINT('',(0.0289060674519011,-0.0376795505889307,0.0249222859035981));
#3140=CARTESIAN_POINT('',(0.0289999319471511,-0.0383332425962014,0.0247712682455209));
#3141=CARTESIAN_POINT('',(0.0291763891133537,-0.0381763891133537,0.0248267200805749));
#3142=CARTESIAN_POINT('',(0.0293332425962014,-0.0379999319471511,0.0247712682455209));
#3143=CARTESIAN_POINT('',(0.0293255965705435,-0.0379941974279076,0.02477396260344));
#3144=CARTESIAN_POINT('',(0.0291992351441136,-0.0380826894647757,0.0248183467935143));
#3145=CARTESIAN_POINT('',(0.029082689218668,-0.0381992354955409,0.0248183466700762));
#3146=CARTESIAN_POINT('',(0.0289941974279076,-0.0383255965705436,0.02477396260344));
#3147=CARTESIAN_POINT('',(0.0293255965705435,-0.0379941974279076,0.02477396260344));
#3148=CARTESIAN_POINT('',(0.0289941974279076,-0.0383255965705436,0.02477396260344));
#3149=CARTESIAN_POINT('',(0.028,-0.037,0.021));
#3150=CARTESIAN_POINT('',(0.028,-0.037,0.025));
#3151=CARTESIAN_POINT('',(0.028,-0.037,0.021));
#3152=CARTESIAN_POINT('',(-0.016,0.037,0.021));
#3153=CARTESIAN_POINT('',(0.0289941974279076,0.0383255965705436,0.0247739626034399));
#3154=CARTESIAN_POINT('',(0.0288137658498232,0.038583242256943,0.024683465088177));
#3155=CARTESIAN_POINT('',(0.0286668576241825,0.0391937939073908,0.0243973531684794));
#3156=CARTESIAN_POINT('',(0.0289066583930482,0.0398108399808697,0.0238715810317299));
#3157=CARTESIAN_POINT('',(0.0292496711074948,0.0401705807151445,0.0234493346422835));
#3158=CARTESIAN_POINT('',(0.0295915465553989,0.0403758424755349,0.0231525712942534));
#3159=CARTESIAN_POINT('',(0.0300634223054264,0.0404811398882396,0.0229700511939767));
#3160=CARTESIAN_POINT('',(0.0303957531095354,0.040425247962687,0.0230676875428994));
#3161=CARTESIAN_POINT('',(0.0305338025720924,0.0403784034294565,0.0231415859235241));
#3162=CARTESIAN_POINT('',(0.0289941974279076,0.0383255965705436,0.02477396260344));
#3163=CARTESIAN_POINT('',(0.0305338025720923,0.0403784034294564,0.0231415859235242));
#3164=CARTESIAN_POINT('',(0.028,0.037,0.021));
#3165=CARTESIAN_POINT('',(0.028,0.037,0.025));
#3166=CARTESIAN_POINT('',(-0.0007,0.037,0.025));
#3167=CARTESIAN_POINT('',(0.0278,0.037,0.025));
#3168=CARTESIAN_POINT('',(0.0276,0.0376,0.0249547439866571));
#3169=CARTESIAN_POINT('',(0.0276,0.0373852617838242,0.0249873233217898));
#3170=CARTESIAN_POINT('',(0.0276696774870522,0.0371737633505971,0.025));
#3171=CARTESIAN_POINT('',(0.0278,0.037,0.025));
#3172=CARTESIAN_POINT('',(0.0276,0.0376,0.024954743986657));
#3173=CARTESIAN_POINT('',(0.0276,0.037,0.021));
#3174=CARTESIAN_POINT('',(0.0276,0.04,0.0236457513110646));
#3175=CARTESIAN_POINT('',(0.0276,0.04,0.0236457513110646));
#3176=CARTESIAN_POINT('',(0.0276,0.0403442068978039,0.0232554573748608));
#3177=CARTESIAN_POINT('',(0.0272892330609096,0.0408443739151299,0.0223819100665662));
#3178=CARTESIAN_POINT('',(0.0268294421621348,0.041,0.0214588857009653));
#3179=CARTESIAN_POINT('',(0.0266,0.041,0.021));
#3180=CARTESIAN_POINT('',(0.0266,0.041,0.021));
#3181=CARTESIAN_POINT('',(-0.016,0.041,0.021));
#3182=CARTESIAN_POINT('',(0.031,0.041,0.021));
#3183=CARTESIAN_POINT('',(0.028,0.037,0.021));
#3184=CARTESIAN_POINT('',(0.031365186282184,0.039523889711638,0.0231622953744114));
#3185=CARTESIAN_POINT('',(0.0311749371479955,0.0401749371479955,0.0234583806290648));
#3186=CARTESIAN_POINT('',(0.030523889711638,0.040365186282184,0.0231622953744114));
#3187=CARTESIAN_POINT('',(0.0315710076363269,0.0396782557272431,0.0228419750306976));
#3188=CARTESIAN_POINT('',(0.0314209850680679,0.0404209850680622,0.0231395744822103));
#3189=CARTESIAN_POINT('',(0.0306782557272437,0.0405710076363256,0.0228419750306996));
#3190=CARTESIAN_POINT('',(0.0318905296795144,0.0399178972596383,0.0221421943717329));
#3191=CARTESIAN_POINT('',(0.0318395021862637,0.0408395021862661,0.0223876495926675));
#3192=CARTESIAN_POINT('',(0.0309178972596383,0.040890529679515,0.0221421943717319));
#3193=CARTESIAN_POINT('',(0.032,0.039999999999997,0.0213807460503375));
#3194=CARTESIAN_POINT('',(0.0319999999999898,0.040999999999991,0.0214759325523432));
#3195=CARTESIAN_POINT('',(0.0309999999999965,0.041,0.0213807460503375));
#3196=CARTESIAN_POINT('',(0.032,0.04,0.021));
#3197=CARTESIAN_POINT('',(0.032,0.041,0.021));
#3198=CARTESIAN_POINT('',(0.031,0.041,0.021));
#3199=CARTESIAN_POINT('',(0.0305338025720923,0.0403784034294564,0.0231415859235242));
#3200=CARTESIAN_POINT('',(0.030715749751624,0.0403166630174338,0.0232389829120933));
#3201=CARTESIAN_POINT('',(0.0310921459372963,0.0400938252531406,0.0233264176510925));
#3202=CARTESIAN_POINT('',(0.0313166709307852,0.0397157264312102,0.0232389704285908));
#3203=CARTESIAN_POINT('',(0.0313784034294564,0.0395338025720924,0.0231415859235242));
#3204=CARTESIAN_POINT('',(0.0313784034294564,0.0395338025720924,0.0231415859235242));
#3205=CARTESIAN_POINT('',(0.031,0.04,0.021));
#3206=CARTESIAN_POINT('',(0.032,0.04,0.021));
#3207=CARTESIAN_POINT('',(0.028,0.037,0.021));
#3208=CARTESIAN_POINT('',(0.028,0.00365720906943581,0.021));
#3209=CARTESIAN_POINT('',(0.0313784034294565,0.0395338025720924,0.0231415859235242));
#3210=CARTESIAN_POINT('',(0.0314255409241569,0.0393948897606945,0.0230672253891171));
#3211=CARTESIAN_POINT('',(0.0314812362827372,0.039061969344914,0.0229699127349988));
#3212=CARTESIAN_POINT('',(0.0313748547999586,0.0385892676436538,0.0231541083360052));
#3213=CARTESIAN_POINT('',(0.0311700539225865,0.0382489322022169,0.0234500993900825));
#3214=CARTESIAN_POINT('',(0.0308081166528269,0.0379049897800913,0.0238742457289025));
#3215=CARTESIAN_POINT('',(0.0301961406810185,0.0376677164323453,0.0243954381220576));
#3216=CARTESIAN_POINT('',(0.0295837908342563,0.0378133816762253,0.0246832724015286));
#3217=CARTESIAN_POINT('',(0.0293255965705435,0.0379941974279077,0.02477396260344));
#3218=CARTESIAN_POINT('',(0.0293255965705435,0.0379941974279076,0.02477396260344));
#3219=CARTESIAN_POINT('',(0.032,0.04,0.021));
#3220=CARTESIAN_POINT('',(0.032,0.0356,0.021));
#3221=CARTESIAN_POINT('',(0.031,0.0366,0.0236457513110646));
#3222=CARTESIAN_POINT('',(0.0313442068978039,0.0366,0.0232554573748608));
#3223=CARTESIAN_POINT('',(0.0318443739151299,0.0362892330609035,0.0223819100665693));
#3224=CARTESIAN_POINT('',(0.032,0.0358294421621471,0.0214588857009591));
#3225=CARTESIAN_POINT('',(0.032,0.0356,0.021));
#3226=CARTESIAN_POINT('',(0.031,0.0366,0.0236457513110646));
#3227=CARTESIAN_POINT('',(0.028,0.0366,0.021));
#3228=CARTESIAN_POINT('',(0.0286,0.0366,0.024954743986657));
#3229=CARTESIAN_POINT('',(0.028,0.0368,0.025));
#3230=CARTESIAN_POINT('',(0.0281737609955334,0.0366696792533499,0.025));
#3231=CARTESIAN_POINT('',(0.0283852590664021,0.0366,0.0249873237340676));
#3232=CARTESIAN_POINT('',(0.0286,0.0366,0.024954743986657));
#3233=CARTESIAN_POINT('',(0.028,0.0368,0.025));
#3234=CARTESIAN_POINT('',(0.028,0.0356,0.025));
#3235=CARTESIAN_POINT('',(0.028,0.037,0.021));
#3236=CARTESIAN_POINT('',(-0.028,0.037,0.025));
#3237=CARTESIAN_POINT('',(-0.028,0.037,0.025));
#3238=CARTESIAN_POINT('',(-0.028,0.037,0.025));
#3239=CARTESIAN_POINT('',(-0.0283398128555344,0.0374530838073786,0.025));
#3240=CARTESIAN_POINT('',(-0.0283964483424707,0.0373964483424689,0.0249999999999947));
#3241=CARTESIAN_POINT('',(-0.0284530838073803,0.0373398128555352,0.025));
#3242=CARTESIAN_POINT('',(-0.0286795505889258,0.0379060674519051,0.0249222859035967));
#3243=CARTESIAN_POINT('',(-0.0287999143016144,0.0377999143016343,0.0249401960547164));
#3244=CARTESIAN_POINT('',(-0.0289060674519011,0.0376795505889307,0.0249222859035981));
#3245=CARTESIAN_POINT('',(-0.0289999319471511,0.0383332425962014,0.0247712682455209));
#3246=CARTESIAN_POINT('',(-0.0291763891133537,0.0381763891133537,0.0248267200805749));
#3247=CARTESIAN_POINT('',(-0.0293332425962014,0.0379999319471511,0.0247712682455209));
#3248=CARTESIAN_POINT('',(-0.0293255965705435,0.0379941974279076,0.02477396260344));
#3249=CARTESIAN_POINT('',(-0.0291992351441136,0.0380826894647757,0.0248183467935143));
#3250=CARTESIAN_POINT('',(-0.029082689218668,0.0381992354955409,0.0248183466700762));
#3251=CARTESIAN_POINT('',(-0.0289941974279076,0.0383255965705436,0.02477396260344));
#3252=CARTESIAN_POINT('',(-0.0293255965705435,0.0379941974279076,0.02477396260344));
#3253=CARTESIAN_POINT('',(-0.0289941974279076,0.0383255965705436,0.02477396260344));
#3254=CARTESIAN_POINT('',(-0.028,0.037,0.021));
#3255=CARTESIAN_POINT('',(-0.028,0.037,0.025));
#3256=CARTESIAN_POINT('',(-0.028,0.037,0.021));
#3257=CARTESIAN_POINT('',(0.016,-0.037,0.021));
#3258=CARTESIAN_POINT('',(-0.0289941974279076,-0.0383255965705436,0.0247739626034399));
#3259=CARTESIAN_POINT('',(-0.0288137658498232,-0.038583242256943,0.024683465088177));
#3260=CARTESIAN_POINT('',(-0.0286668576241825,-0.0391937939073908,0.0243973531684794));
#3261=CARTESIAN_POINT('',(-0.0289066583930482,-0.0398108399808697,0.0238715810317299));
#3262=CARTESIAN_POINT('',(-0.0292496711074948,-0.0401705807151445,0.0234493346422835));
#3263=CARTESIAN_POINT('',(-0.0295915465553989,-0.0403758424755349,0.0231525712942534));
#3264=CARTESIAN_POINT('',(-0.0300634223054264,-0.0404811398882396,0.0229700511939767));
#3265=CARTESIAN_POINT('',(-0.0303957531095354,-0.040425247962687,0.0230676875428994));
#3266=CARTESIAN_POINT('',(-0.0305338025720924,-0.0403784034294565,0.0231415859235241));
#3267=CARTESIAN_POINT('',(-0.0289941974279076,-0.0383255965705436,0.02477396260344));
#3268=CARTESIAN_POINT('',(-0.0305338025720923,-0.0403784034294564,0.0231415859235242));
#3269=CARTESIAN_POINT('',(-0.028,-0.037,0.021));
#3270=CARTESIAN_POINT('',(-0.028,-0.037,0.025));
#3271=CARTESIAN_POINT('',(-0.0007,-0.037,0.025));
#3272=CARTESIAN_POINT('',(-0.0278,-0.037,0.025));
#3273=CARTESIAN_POINT('',(-0.0276,-0.0376,0.0249547439866571));
#3274=CARTESIAN_POINT('',(-0.0276,-0.0373852617838242,0.0249873233217898));
#3275=CARTESIAN_POINT('',(-0.0276696774870522,-0.0371737633505971,0.025));
#3276=CARTESIAN_POINT('',(-0.0278,-0.037,0.025));
#3277=CARTESIAN_POINT('',(-0.0276,-0.0376,0.024954743986657));
#3278=CARTESIAN_POINT('',(-0.0276,-0.037,0.021));
#3279=CARTESIAN_POINT('',(-0.0276,-0.04,0.0236457513110646));
#3280=CARTESIAN_POINT('',(-0.0276,-0.04,0.0236457513110646));
#3281=CARTESIAN_POINT('',(-0.0276,-0.0403442068978039,0.0232554573748608));
#3282=CARTESIAN_POINT('',(-0.0272892330609096,-0.0408443739151299,0.0223819100665662));
#3283=CARTESIAN_POINT('',(-0.0268294421621348,-0.041,0.0214588857009653));
#3284=CARTESIAN_POINT('',(-0.0266,-0.041,0.021));
#3285=CARTESIAN_POINT('',(-0.028,-0.037,0.021));
#3286=CARTESIAN_POINT('',(-0.031365186282184,-0.039523889711638,0.0231622953744114));
#3287=CARTESIAN_POINT('',(-0.0311749371479955,-0.0401749371479955,0.0234583806290648));
#3288=CARTESIAN_POINT('',(-0.030523889711638,-0.040365186282184,0.0231622953744114));
#3289=CARTESIAN_POINT('',(-0.0315710076363269,-0.0396782557272431,0.0228419750306976));
#3290=CARTESIAN_POINT('',(-0.0314209850680679,-0.0404209850680622,0.0231395744822103));
#3291=CARTESIAN_POINT('',(-0.0306782557272437,-0.0405710076363256,0.0228419750306996));
#3292=CARTESIAN_POINT('',(-0.0318905296795144,-0.0399178972596383,0.0221421943717329));
#3293=CARTESIAN_POINT('',(-0.0318395021862637,-0.0408395021862661,0.0223876495926675));
#3294=CARTESIAN_POINT('',(-0.0309178972596383,-0.040890529679515,0.0221421943717319));
#3295=CARTESIAN_POINT('',(-0.032,-0.039999999999997,0.0213807460503375));
#3296=CARTESIAN_POINT('',(-0.0319999999999898,-0.040999999999991,0.0214759325523432));
#3297=CARTESIAN_POINT('',(-0.0309999999999965,-0.041,0.0213807460503375));
#3298=CARTESIAN_POINT('',(-0.032,-0.04,0.021));
#3299=CARTESIAN_POINT('',(-0.032,-0.041,0.021));
#3300=CARTESIAN_POINT('',(-0.031,-0.041,0.021));
#3301=CARTESIAN_POINT('',(-0.0305338025720923,-0.0403784034294564,0.0231415859235242));
#3302=CARTESIAN_POINT('',(-0.030715749751624,-0.0403166630174338,0.0232389829120933));
#3303=CARTESIAN_POINT('',(-0.0310921459372963,-0.0400938252531406,0.0233264176510925));
#3304=CARTESIAN_POINT('',(-0.0313166709307852,-0.0397157264312102,0.0232389704285908));
#3305=CARTESIAN_POINT('',(-0.0313784034294564,-0.0395338025720924,0.0231415859235242));
#3306=CARTESIAN_POINT('',(-0.0313784034294564,-0.0395338025720924,0.0231415859235242));
#3307=CARTESIAN_POINT('',(-0.031,-0.04,0.021));
#3308=CARTESIAN_POINT('',(-0.032,-0.04,0.021));
#3309=CARTESIAN_POINT('',(-0.028,-0.037,0.021));
#3310=CARTESIAN_POINT('',(-0.028,0.00365720906943581,0.021));
#3311=CARTESIAN_POINT('',(-0.0313784034294565,-0.0395338025720924,0.0231415859235242));
#3312=CARTESIAN_POINT('',(-0.0314255409241569,-0.0393948897606945,0.0230672253891171));
#3313=CARTESIAN_POINT('',(-0.0314812362827372,-0.039061969344914,0.0229699127349988));
#3314=CARTESIAN_POINT('',(-0.0313748547999586,-0.0385892676436538,0.0231541083360053));
#3315=CARTESIAN_POINT('',(-0.0311700539225864,-0.0382489322022169,0.0234500993900825));
#3316=CARTESIAN_POINT('',(-0.0308081166528269,-0.0379049897800913,0.0238742457289025));
#3317=CARTESIAN_POINT('',(-0.0301961406810185,-0.0376677164323453,0.0243954381220576));
#3318=CARTESIAN_POINT('',(-0.0295837908342563,-0.0378133816762253,0.0246832724015286));
#3319=CARTESIAN_POINT('',(-0.0293255965705435,-0.0379941974279077,0.02477396260344));
#3320=CARTESIAN_POINT('',(-0.0293255965705435,-0.0379941974279076,0.02477396260344));
#3321=CARTESIAN_POINT('',(-0.032,-0.04,0.021));
#3322=CARTESIAN_POINT('',(-0.032,-0.0356,0.021));
#3323=CARTESIAN_POINT('',(-0.031,-0.0366,0.0236457513110646));
#3324=CARTESIAN_POINT('',(-0.0313442068978039,-0.0366,0.0232554573748608));
#3325=CARTESIAN_POINT('',(-0.0318443739151299,-0.0362892330609035,0.0223819100665693));
#3326=CARTESIAN_POINT('',(-0.032,-0.0358294421621471,0.0214588857009591));
#3327=CARTESIAN_POINT('',(-0.032,-0.0356,0.021));
#3328=CARTESIAN_POINT('',(-0.031,-0.0366,0.0236457513110646));
#3329=CARTESIAN_POINT('',(-0.028,-0.0366,0.021));
#3330=CARTESIAN_POINT('',(-0.0286,-0.0366,0.024954743986657));
#3331=CARTESIAN_POINT('',(-0.028,-0.0368,0.025));
#3332=CARTESIAN_POINT('',(-0.0281737609955334,-0.0366696792533499,0.025));
#3333=CARTESIAN_POINT('',(-0.0283852590664021,-0.0366,0.0249873237340676));
#3334=CARTESIAN_POINT('',(-0.0286,-0.0366,0.024954743986657));
#3335=CARTESIAN_POINT('',(-0.028,-0.0368,0.025));
#3336=CARTESIAN_POINT('',(-0.028,-0.0356,0.025));
#3337=CARTESIAN_POINT('',(-0.028,-0.037,0.021));
#3338=CARTESIAN_POINT('',(0.032,0.0205,0.031));
#3339=CARTESIAN_POINT('',(0.032,-0.04,0.031));
#3340=CARTESIAN_POINT('',(0.032,-0.04,0.001));
#3341=CARTESIAN_POINT('',(0.032,-0.04,0.021));
#3342=CARTESIAN_POINT('',(0.032,-0.0356,0.021));
#3343=CARTESIAN_POINT('',(0.032,-0.0356,0.021));
#3344=CARTESIAN_POINT('',(0.032,-0.0356,0.025));
#3345=CARTESIAN_POINT('',(0.032,0.0356,0.025));
#3346=CARTESIAN_POINT('',(0.032,0.04,0.031));
#3347=CARTESIAN_POINT('',(0.032,0.04,0.001));
#3348=CARTESIAN_POINT('',(0.032,0.0205,0.001));
#3349=CARTESIAN_POINT('',(-0.016,0.041,0.031));
#3350=CARTESIAN_POINT('',(0.031,0.041,0.031));
#3351=CARTESIAN_POINT('',(0.031,0.041,0.001));
#3352=CARTESIAN_POINT('',(0.0266,0.041,0.025));
#3353=CARTESIAN_POINT('',(-0.0266,0.041,0.025));
#3354=CARTESIAN_POINT('',(-0.0266,0.041,0.021));
#3355=CARTESIAN_POINT('',(-0.016,0.041,0.021));
#3356=CARTESIAN_POINT('',(-0.031,0.041,0.021));
#3357=CARTESIAN_POINT('',(-0.031,0.041,0.031));
#3358=CARTESIAN_POINT('',(-0.031,0.041,0.001));
#3359=CARTESIAN_POINT('',(0.031,0.041,0.001));
#3360=CARTESIAN_POINT('',(0.031,0.04,0.031));
#3361=CARTESIAN_POINT('',(0.031,0.04,0.001));
#3362=CARTESIAN_POINT('',(0.031,-0.04,0.031));
#3363=CARTESIAN_POINT('',(0.031,-0.04,0.021));
#3364=CARTESIAN_POINT('',(0.031,-0.04,0.001));
#3365=CARTESIAN_POINT('',(-0.032,-0.0205,0.031));
#3366=CARTESIAN_POINT('',(-0.032,0.04,0.031));
#3367=CARTESIAN_POINT('',(-0.032,0.04,0.001));
#3368=CARTESIAN_POINT('',(-0.032,0.04,0.021));
#3369=CARTESIAN_POINT('',(-0.032,0.0356,0.021));
#3370=CARTESIAN_POINT('',(-0.032,0.0356,0.021));
#3371=CARTESIAN_POINT('',(-0.032,0.0356,0.025));
#3372=CARTESIAN_POINT('',(-0.032,-0.0356,0.025));
#3373=CARTESIAN_POINT('',(-0.032,-0.04,0.031));
#3374=CARTESIAN_POINT('',(-0.032,-0.04,0.001));
#3375=CARTESIAN_POINT('',(-0.032,-0.0205,0.001));
#3376=CARTESIAN_POINT('',(-0.031,0.04,0.031));
#3377=CARTESIAN_POINT('',(-0.031,0.04,0.021));
#3378=CARTESIAN_POINT('',(-0.031,0.04,0.001));
#3379=CARTESIAN_POINT('',(-0.031,-0.04,0.031));
#3380=CARTESIAN_POINT('',(-0.031,-0.04,0.001));
#3381=CARTESIAN_POINT('',(0.,0.,0.031));
#3382=CARTESIAN_POINT('',(-0.035,-0.022,0.031));
#3383=CARTESIAN_POINT('',(-0.035,-0.04,0.031));
#3384=CARTESIAN_POINT('',(-0.035,0.04,0.031));
#3385=CARTESIAN_POINT('',(-0.031,-0.04,0.031));
#3386=CARTESIAN_POINT('',(0.031,-0.04,0.031));
#3387=CARTESIAN_POINT('',(0.035,-0.04,0.031));
#3388=CARTESIAN_POINT('',(0.035,-0.022,0.031));
#3389=CARTESIAN_POINT('',(0.035,0.04,0.031));
#3390=CARTESIAN_POINT('',(0.031,0.04,0.031));
#3391=CARTESIAN_POINT('',(0.031,0.044,0.031));
#3392=CARTESIAN_POINT('',(0.0175,0.044,0.031));
#3393=CARTESIAN_POINT('',(-0.031,0.044,0.031));
#3394=CARTESIAN_POINT('',(-0.031,0.04,0.031));
#3395=CARTESIAN_POINT('',(6.93889390390723E-18,0.0426,0.031));
#3396=CARTESIAN_POINT('',(0.0312,0.0426,0.031));
#3397=CARTESIAN_POINT('',(-0.0312,0.0426,0.031));
#3398=CARTESIAN_POINT('',(0.0312,0.0402,0.031));
#3399=CARTESIAN_POINT('',(0.0336,0.0402,0.031));
#3400=CARTESIAN_POINT('',(0.0336,6.93889390390723E-18,0.031));
#3401=CARTESIAN_POINT('',(0.0336,-0.0402,0.031));
#3402=CARTESIAN_POINT('',(0.0312,-0.0402,0.031));
#3403=CARTESIAN_POINT('',(0.0312,-0.0426,0.031));
#3404=CARTESIAN_POINT('',(-6.93889390390723E-18,-0.0426,0.031));
#3405=CARTESIAN_POINT('',(-0.0312,-0.0426,0.031));
#3406=CARTESIAN_POINT('',(-0.0312,-0.0402,0.031));
#3407=CARTESIAN_POINT('',(-0.0336,-0.0402,0.031));
#3408=CARTESIAN_POINT('',(-0.0336,0.,0.031));
#3409=CARTESIAN_POINT('',(-0.0336,0.0402,0.031));
#3410=CARTESIAN_POINT('',(-0.0312,0.0402,0.031));
#3411=CARTESIAN_POINT('',(-0.035,-0.022,-0.003));
#3412=CARTESIAN_POINT('',(-0.035,-0.022,-0.003));
#3413=CARTESIAN_POINT('',(-0.035,-0.04,-0.003));
#3414=CARTESIAN_POINT('',(-0.035,0.04,-0.003));
#3415=CARTESIAN_POINT('',(-0.035,-0.04,-0.003));
#3416=CARTESIAN_POINT('',(-0.035,0.04,-0.003));
#3417=CARTESIAN_POINT('',(0.035,-0.022,-0.003));
#3418=CARTESIAN_POINT('',(0.035,-0.022,-0.003));
#3419=CARTESIAN_POINT('',(0.035,-0.04,-0.003));
#3420=CARTESIAN_POINT('',(0.035,0.04,-0.003));
#3421=CARTESIAN_POINT('',(0.035,0.04,0.031));
#3422=CARTESIAN_POINT('',(0.035,-0.04,-0.003));
#3423=CARTESIAN_POINT('',(0.0175,0.044,-0.003));
#3424=CARTESIAN_POINT('',(0.031,0.044,-0.003));
#3425=CARTESIAN_POINT('',(0.031,0.044,0.005));
#3426=CARTESIAN_POINT('',(0.0175,0.044,0.005));
#3427=CARTESIAN_POINT('',(-0.031,0.044,0.005));
#3428=CARTESIAN_POINT('',(-0.031,0.044,-0.003));
#3429=CARTESIAN_POINT('',(0.,0.,-0.003));
#3430=CARTESIAN_POINT('',(0.016,0.053,-0.003));
#3431=CARTESIAN_POINT('',(0.01825,0.053,-0.003));
#3432=CARTESIAN_POINT('',(-0.016,0.053,-0.003));
#3433=CARTESIAN_POINT('',(-0.01375,0.053,-0.003));
#3434=CARTESIAN_POINT('',(-0.016,-0.053,-0.003));
#3435=CARTESIAN_POINT('',(-0.01375,-0.053,-0.003));
#3436=CARTESIAN_POINT('',(0.016,-0.053,-0.003));
#3437=CARTESIAN_POINT('',(0.01825,-0.053,-0.003));
#3438=CARTESIAN_POINT('',(-0.031,0.059,-0.003));
#3439=CARTESIAN_POINT('',(-0.031,0.049,-0.003));
#3440=CARTESIAN_POINT('',(-0.031,0.0474833147735479,-0.003));
#3441=CARTESIAN_POINT('',(-0.021,0.049,-0.003));
#3442=CARTESIAN_POINT('',(-0.021,0.059,-0.003));
#3443=CARTESIAN_POINT('',(0.0175,0.059,-0.003));
#3444=CARTESIAN_POINT('',(0.021,0.059,-0.003));
#3445=CARTESIAN_POINT('',(0.021,0.049,-0.003));
#3446=CARTESIAN_POINT('',(0.031,0.049,-0.003));
#3447=CARTESIAN_POINT('',(0.031,0.059,-0.003));
#3448=CARTESIAN_POINT('',(0.031,0.0474833147735479,-0.003));
#3449=CARTESIAN_POINT('',(0.036,0.0474833147735479,-0.003));
#3450=CARTESIAN_POINT('',(0.0332222222222222,0.0433259176771324,-0.003));
#3451=CARTESIAN_POINT('',(0.031,0.04,-0.003));
#3452=CARTESIAN_POINT('',(0.031,-0.04,-0.003));
#3453=CARTESIAN_POINT('',(0.0332222222222222,-0.0433259176771324,-0.003));
#3454=CARTESIAN_POINT('',(0.036,-0.0474833147735479,-0.003));
#3455=CARTESIAN_POINT('',(0.031,-0.0474833147735479,-0.003));
#3456=CARTESIAN_POINT('',(0.031,-0.059,-0.003));
#3457=CARTESIAN_POINT('',(0.031,-0.049,-0.003));
#3458=CARTESIAN_POINT('',(0.021,-0.049,-0.003));
#3459=CARTESIAN_POINT('',(0.021,-0.059,-0.003));
#3460=CARTESIAN_POINT('',(-0.0175,-0.059,-0.003));
#3461=CARTESIAN_POINT('',(-0.021,-0.059,-0.003));
#3462=CARTESIAN_POINT('',(-0.021,-0.049,-0.003));
#3463=CARTESIAN_POINT('',(-0.031,-0.049,-0.003));
#3464=CARTESIAN_POINT('',(-0.031,-0.059,-0.003));
#3465=CARTESIAN_POINT('',(-0.031,-0.0474833147735479,-0.003));
#3466=CARTESIAN_POINT('',(-0.036,-0.0474833147735479,-0.003));
#3467=CARTESIAN_POINT('',(-0.0332222222222222,-0.0433259176771324,-0.003));
#3468=CARTESIAN_POINT('',(-0.031,-0.04,-0.003));
#3469=CARTESIAN_POINT('',(-0.031,0.04,-0.003));
#3470=CARTESIAN_POINT('',(-0.0332222222222222,0.0433259176771324,-0.003));
#3471=CARTESIAN_POINT('',(-0.036,0.0474833147735479,-0.003));
#3472=CARTESIAN_POINT('',(0.0336,6.93889390390723E-18,0.03));
#3473=CARTESIAN_POINT('',(0.0336,-0.0402,0.03));
#3474=CARTESIAN_POINT('',(0.0336,0.0402,0.03));
#3475=CARTESIAN_POINT('',(6.93889390390723E-18,0.0426,0.03));
#3476=CARTESIAN_POINT('',(0.0312,0.0426,0.03));
#3477=CARTESIAN_POINT('',(-0.0312,0.0426,0.03));
#3478=CARTESIAN_POINT('',(-0.0336,0.,0.03));
#3479=CARTESIAN_POINT('',(-0.0336,0.0402,0.03));
#3480=CARTESIAN_POINT('',(-0.0336,-0.0402,0.03));
#3481=CARTESIAN_POINT('',(-6.93889390390723E-18,-0.0426,0.03));
#3482=CARTESIAN_POINT('',(0.0312,-0.0426,0.03));
#3483=CARTESIAN_POINT('',(-0.0312,-0.0426,0.03));
#3484=CARTESIAN_POINT('',(0.031,0.0205,0.001));
#3485=CARTESIAN_POINT('',(0.031,-0.04,0.001));
#3486=CARTESIAN_POINT('',(0.031,0.04,0.001));
#3487=CARTESIAN_POINT('',(0.031,-0.04,0.001));
#3488=CARTESIAN_POINT('',(0.031,-0.04,0.001));
#3489=CARTESIAN_POINT('',(0.031,0.04,0.001));
#3490=CARTESIAN_POINT('',(0.031,0.04,0.001));
#3491=CARTESIAN_POINT('',(0.,-0.04,0.001));
#3492=CARTESIAN_POINT('',(-0.031,-0.04,0.001));
#3493=CARTESIAN_POINT('',(0.,0.04,0.001));
#3494=CARTESIAN_POINT('',(-0.031,0.04,0.001));
#3495=CARTESIAN_POINT('',(-0.031,-0.04,0.001));
#3496=CARTESIAN_POINT('',(-0.031,-0.04,0.001));
#3497=CARTESIAN_POINT('',(-0.031,0.04,0.001));
#3498=CARTESIAN_POINT('',(-0.031,0.04,0.001));
#3499=CARTESIAN_POINT('',(-0.031,-0.0205,0.001));
#3500=CARTESIAN_POINT('',(0.0312,-0.0402,0.03));
#3501=CARTESIAN_POINT('',(0.0312,0.0402,0.03));
#3502=CARTESIAN_POINT('',(-0.0312,0.0402,0.03));
#3503=CARTESIAN_POINT('',(-0.0312,-0.0402,0.03));
#3504=CARTESIAN_POINT('',(-0.031,-0.04,-0.003));
#3505=CARTESIAN_POINT('',(-0.0332222222222222,-0.0433259176771324,-0.003));
#3506=CARTESIAN_POINT('',(-0.0332222222222222,-0.0433259176771324,0.005));
#3507=CARTESIAN_POINT('',(-0.031,-0.04,0.005));
#3508=CARTESIAN_POINT('',(-0.031,0.04,-0.003));
#3509=CARTESIAN_POINT('',(-0.031,0.04,0.005));
#3510=CARTESIAN_POINT('',(-0.0332222222222222,0.0433259176771324,0.005));
#3511=CARTESIAN_POINT('',(-0.0332222222222222,0.0433259176771324,-0.003));
#3512=CARTESIAN_POINT('',(0.031,0.04,-0.003));
#3513=CARTESIAN_POINT('',(0.0332222222222222,0.0433259176771324,-0.003));
#3514=CARTESIAN_POINT('',(0.0332222222222222,0.0433259176771324,0.005));
#3515=CARTESIAN_POINT('',(0.031,0.04,0.005));
#3516=CARTESIAN_POINT('',(0.031,-0.04,-0.003));
#3517=CARTESIAN_POINT('',(0.031,-0.04,0.005));
#3518=CARTESIAN_POINT('',(0.0332222222222222,-0.0433259176771324,0.005));
#3519=CARTESIAN_POINT('',(0.0332222222222222,-0.0433259176771324,-0.003));
#3520=CARTESIAN_POINT('',(-0.0266,-0.04,0.025));
#3521=CARTESIAN_POINT('',(-0.0276,-0.04,0.025));
#3522=CARTESIAN_POINT('',(-0.0276,-0.0388,0.025));
#3523=CARTESIAN_POINT('',(-0.0276,-0.0376,0.025));
#3524=CARTESIAN_POINT('',(-0.0286,-0.0376,0.025));
#3525=CARTESIAN_POINT('',(-0.0286,-0.0376,0.025));
#3526=CARTESIAN_POINT('',(-0.0286,-0.0366,0.025));
#3527=CARTESIAN_POINT('',(-0.0298,-0.0366,0.025));
#3528=CARTESIAN_POINT('',(-0.031,-0.0366,0.025));
#3529=CARTESIAN_POINT('',(-0.031,-0.0356,0.025));
#3530=CARTESIAN_POINT('',(-0.0007,0.00365720906943581,0.025));
#3531=CARTESIAN_POINT('',(-0.031,0.0356,0.025));
#3532=CARTESIAN_POINT('',(-0.031,0.0366,0.0236457513110646));
#3533=CARTESIAN_POINT('',(-0.0313442068978039,0.0366,0.0232554573748608));
#3534=CARTESIAN_POINT('',(-0.0318443739151299,0.0362892330609035,0.0223819100665693));
#3535=CARTESIAN_POINT('',(-0.032,0.0358294421621471,0.0214588857009591));
#3536=CARTESIAN_POINT('',(-0.032,0.0356,0.021));
#3537=CARTESIAN_POINT('',(-0.031,0.0366,0.0236457513110646));
#3538=CARTESIAN_POINT('',(-0.031,0.0366,0.025));
#3539=CARTESIAN_POINT('',(-0.0298,0.0366,0.025));
#3540=CARTESIAN_POINT('',(-0.028,0.0366,0.021));
#3541=CARTESIAN_POINT('',(-0.0286,0.0366,0.024954743986657));
#3542=CARTESIAN_POINT('',(-0.0286,0.0366,0.025));
#3543=CARTESIAN_POINT('',(-0.0286,0.0376,0.025));
#3544=CARTESIAN_POINT('',(-0.0286,0.0366,0.024954743986657));
#3545=CARTESIAN_POINT('',(-0.0283852617838241,0.0366,0.0249873233217898));
#3546=CARTESIAN_POINT('',(-0.0281737633505971,0.0366696774870522,0.025));
#3547=CARTESIAN_POINT('',(-0.028,0.0368,0.025));
#3548=CARTESIAN_POINT('',(-0.028,0.0368,0.025));
#3549=CARTESIAN_POINT('',(-0.0286,0.0376,0.025));
#3550=CARTESIAN_POINT('',(-0.0278,0.037,0.025));
#3551=CARTESIAN_POINT('',(-0.0278,0.037,0.025));
#3552=CARTESIAN_POINT('',(-0.0276696792533499,0.0371737609955334,0.025));
#3553=CARTESIAN_POINT('',(-0.0276,0.0373852590664021,0.0249873237340676));
#3554=CARTESIAN_POINT('',(-0.0276,0.0376,0.024954743986657));
#3555=CARTESIAN_POINT('',(-0.0276,0.0376,0.024954743986657));
#3556=CARTESIAN_POINT('',(-0.0276,0.0376,0.025));
#3557=CARTESIAN_POINT('',(-0.0276,0.0388,0.025));
#3558=CARTESIAN_POINT('',(-0.0276,0.037,0.021));
#3559=CARTESIAN_POINT('',(-0.0276,0.04,0.0236457513110646));
#3560=CARTESIAN_POINT('',(-0.0276,0.04,0.025));
#3561=CARTESIAN_POINT('',(-0.0266,0.04,0.025));
#3562=CARTESIAN_POINT('',(-0.0276,0.04,0.0236457513110646));
#3563=CARTESIAN_POINT('',(-0.0276,0.0403442068978039,0.0232554573748608));
#3564=CARTESIAN_POINT('',(-0.0272892330609096,0.0408443739151299,0.0223819100665662));
#3565=CARTESIAN_POINT('',(-0.0268294421621348,0.041,0.0214588857009653));
#3566=CARTESIAN_POINT('',(-0.0266,0.041,0.021));
#3567=CARTESIAN_POINT('',(-0.0007,0.00365720906943581,0.025));
#3568=CARTESIAN_POINT('',(-0.028,0.04,0.025));
#3569=CARTESIAN_POINT('',(-0.0007,0.037,0.025));
#3570=CARTESIAN_POINT('',(0.0276,-0.0388,0.025));
#3571=CARTESIAN_POINT('',(0.0276,-0.0376,0.025));
#3572=CARTESIAN_POINT('',(0.0276,-0.0376,0.024954743986657));
#3573=CARTESIAN_POINT('',(0.0276,-0.037,0.021));
#3574=CARTESIAN_POINT('',(0.0276,-0.04,0.0236457513110646));
#3575=CARTESIAN_POINT('',(0.0276,-0.04,0.025));
#3576=CARTESIAN_POINT('',(0.0266,-0.04,0.025));
#3577=CARTESIAN_POINT('',(0.0276,-0.04,0.0236457513110646));
#3578=CARTESIAN_POINT('',(0.0276,-0.0403442068978039,0.0232554573748608));
#3579=CARTESIAN_POINT('',(0.0272892330609096,-0.0408443739151299,0.0223819100665662));
#3580=CARTESIAN_POINT('',(0.0268294421621348,-0.041,0.0214588857009653));
#3581=CARTESIAN_POINT('',(0.0266,-0.041,0.021));
#3582=CARTESIAN_POINT('',(0.031,-0.0356,0.025));
#3583=CARTESIAN_POINT('',(0.031,-0.0366,0.0236457513110646));
#3584=CARTESIAN_POINT('',(0.0313442068978039,-0.0366,0.0232554573748608));
#3585=CARTESIAN_POINT('',(0.0318443739151299,-0.0362892330609035,0.0223819100665693));
#3586=CARTESIAN_POINT('',(0.032,-0.0358294421621471,0.0214588857009591));
#3587=CARTESIAN_POINT('',(0.032,-0.0356,0.021));
#3588=CARTESIAN_POINT('',(0.031,-0.0366,0.0236457513110646));
#3589=CARTESIAN_POINT('',(0.031,-0.0366,0.025));
#3590=CARTESIAN_POINT('',(0.0298,-0.0366,0.025));
#3591=CARTESIAN_POINT('',(0.028,-0.0366,0.021));
#3592=CARTESIAN_POINT('',(0.0286,-0.0366,0.024954743986657));
#3593=CARTESIAN_POINT('',(0.0286,-0.0366,0.025));
#3594=CARTESIAN_POINT('',(0.0286,-0.0376,0.025));
#3595=CARTESIAN_POINT('',(0.0286,-0.0366,0.024954743986657));
#3596=CARTESIAN_POINT('',(0.0283852617838241,-0.0366,0.0249873233217898));
#3597=CARTESIAN_POINT('',(0.0281737633505971,-0.0366696774870522,0.025));
#3598=CARTESIAN_POINT('',(0.028,-0.0368,0.025));
#3599=CARTESIAN_POINT('',(0.028,-0.0368,0.025));
#3600=CARTESIAN_POINT('',(0.0286,-0.0376,0.025));
#3601=CARTESIAN_POINT('',(0.0278,-0.037,0.025));
#3602=CARTESIAN_POINT('',(0.0278,-0.037,0.025));
#3603=CARTESIAN_POINT('',(0.0276696792533499,-0.0371737609955334,0.025));
#3604=CARTESIAN_POINT('',(0.0276,-0.0373852590664021,0.0249873237340676));
#3605=CARTESIAN_POINT('',(0.0276,-0.0376,0.024954743986657));
#3606=CARTESIAN_POINT('',(-0.0007,0.00365720906943581,0.025));
#3607=CARTESIAN_POINT('',(0.028,-0.04,0.025));
#3608=CARTESIAN_POINT('',(-0.0007,-0.037,0.025));
#3609=CARTESIAN_POINT('',(0.0266,0.04,0.025));
#3610=CARTESIAN_POINT('',(0.0276,0.04,0.025));
#3611=CARTESIAN_POINT('',(0.0276,0.0388,0.025));
#3612=CARTESIAN_POINT('',(0.0276,0.0376,0.025));
#3613=CARTESIAN_POINT('',(0.0286,0.0376,0.025));
#3614=CARTESIAN_POINT('',(0.0286,0.0376,0.025));
#3615=CARTESIAN_POINT('',(0.0286,0.0366,0.025));
#3616=CARTESIAN_POINT('',(0.0298,0.0366,0.025));
#3617=CARTESIAN_POINT('',(0.031,0.0366,0.025));
#3618=CARTESIAN_POINT('',(0.031,0.0356,0.025));
#3619=CARTESIAN_POINT('',(-0.0007,0.00365720906943581,0.025));
#3620=CARTESIAN_POINT('',(0.028,0.00365720906943581,0.021));
#3621=CARTESIAN_POINT('',(0.028,-0.037,0.021));
#3622=CARTESIAN_POINT('',(0.0313784034294564,-0.0395338025720924,0.0231415859235242));
#3623=CARTESIAN_POINT('',(0.0313784034294565,-0.0395338025720924,0.0231415859235242));
#3624=CARTESIAN_POINT('',(0.0314255409241569,-0.0393948897606945,0.0230672253891171));
#3625=CARTESIAN_POINT('',(0.0314812362827372,-0.0390619693449139,0.0229699127349988));
#3626=CARTESIAN_POINT('',(0.0313748547999586,-0.0385892676436538,0.0231541083360053));
#3627=CARTESIAN_POINT('',(0.0311700539225865,-0.0382489322022169,0.0234500993900825));
#3628=CARTESIAN_POINT('',(0.0308081166528269,-0.0379049897800913,0.0238742457289025));
#3629=CARTESIAN_POINT('',(0.0301961406810185,-0.0376677164323453,0.0243954381220576));
#3630=CARTESIAN_POINT('',(0.0295837908342564,-0.0378133816762253,0.0246832724015286));
#3631=CARTESIAN_POINT('',(0.0293255965705435,-0.0379941974279076,0.0247739626034399));
#3632=CARTESIAN_POINT('',(0.030523889711638,-0.040365186282184,0.0231622953744114));
#3633=CARTESIAN_POINT('',(0.0311749371479955,-0.0401749371479955,0.0234583806290648));
#3634=CARTESIAN_POINT('',(0.031365186282184,-0.039523889711638,0.0231622953744114));
#3635=CARTESIAN_POINT('',(0.0306782557272437,-0.0405710076363256,0.0228419750306996));
#3636=CARTESIAN_POINT('',(0.0314209850680679,-0.0404209850680622,0.0231395744822103));
#3637=CARTESIAN_POINT('',(0.0315710076363269,-0.0396782557272431,0.0228419750306976));
#3638=CARTESIAN_POINT('',(0.0309178972596383,-0.040890529679515,0.0221421943717319));
#3639=CARTESIAN_POINT('',(0.0318395021862637,-0.0408395021862661,0.0223876495926675));
#3640=CARTESIAN_POINT('',(0.0318905296795144,-0.0399178972596383,0.0221421943717329));
#3641=CARTESIAN_POINT('',(0.0309999999999965,-0.041,0.0213807460503375));
#3642=CARTESIAN_POINT('',(0.0319999999999898,-0.040999999999991,0.0214759325523432));
#3643=CARTESIAN_POINT('',(0.032,-0.039999999999997,0.0213807460503375));
#3644=CARTESIAN_POINT('',(0.031,-0.041,0.021));
#3645=CARTESIAN_POINT('',(0.032,-0.041,0.021));
#3646=CARTESIAN_POINT('',(0.032,-0.04,0.021));
#3647=CARTESIAN_POINT('',(0.028,-0.037,0.021));
#3648=CARTESIAN_POINT('',(0.0305338025720923,-0.0403784034294564,0.0231415859235242));
#3649=CARTESIAN_POINT('',(0.0305338025720923,-0.0403784034294564,0.0231415859235242));
#3650=CARTESIAN_POINT('',(0.030715749751624,-0.0403166630174338,0.0232389829120933));
#3651=CARTESIAN_POINT('',(0.0310921459372963,-0.0400938252531406,0.0233264176510925));
#3652=CARTESIAN_POINT('',(0.0313166709307852,-0.0397157264312102,0.0232389704285908));
#3653=CARTESIAN_POINT('',(0.0313784034294564,-0.0395338025720924,0.0231415859235242));
#3654=CARTESIAN_POINT('',(0.016,-0.037,0.021));
#3655=CARTESIAN_POINT('',(0.0289941974279076,-0.0383255965705436,0.0247739626034399));
#3656=CARTESIAN_POINT('',(0.0288137658498232,-0.038583242256943,0.024683465088177));
#3657=CARTESIAN_POINT('',(0.0286668576241825,-0.0391937939073908,0.0243973531684794));
#3658=CARTESIAN_POINT('',(0.0289066583930482,-0.0398108399808697,0.0238715810317299));
#3659=CARTESIAN_POINT('',(0.0292496711074948,-0.0401705807151445,0.0234493346422836));
#3660=CARTESIAN_POINT('',(0.0295915465553989,-0.0403758424755349,0.0231525712942534));
#3661=CARTESIAN_POINT('',(0.0300634223054264,-0.0404811398882396,0.0229700511939767));
#3662=CARTESIAN_POINT('',(0.0303957531095354,-0.040425247962687,0.0230676875428994));
#3663=CARTESIAN_POINT('',(0.0305338025720924,-0.0403784034294565,0.0231415859235241));
#3664=CARTESIAN_POINT('',(0.028,0.037,0.025));
#3665=CARTESIAN_POINT('',(0.028,0.037,0.025));
#3666=CARTESIAN_POINT('',(0.028,0.037,0.025));
#3667=CARTESIAN_POINT('',(0.0284530838073803,0.0373398128555352,0.025));
#3668=CARTESIAN_POINT('',(0.0283964483424707,0.0373964483424689,0.0249999999999947));
#3669=CARTESIAN_POINT('',(0.0283398128555344,0.0374530838073786,0.025));
#3670=CARTESIAN_POINT('',(0.0289060674519011,0.0376795505889307,0.0249222859035981));
#3671=CARTESIAN_POINT('',(0.0287999143016144,0.0377999143016343,0.0249401960547164));
#3672=CARTESIAN_POINT('',(0.0286795505889258,0.0379060674519051,0.0249222859035967));
#3673=CARTESIAN_POINT('',(0.0293332425962014,0.0379999319471511,0.0247712682455209));
#3674=CARTESIAN_POINT('',(0.0291763891133537,0.0381763891133537,0.0248267200805749));
#3675=CARTESIAN_POINT('',(0.0289999319471511,0.0383332425962014,0.0247712682455209));
#3676=CARTESIAN_POINT('',(0.0293255965705435,0.0379941974279077,0.02477396260344));
#3677=CARTESIAN_POINT('',(0.0291992351441135,0.0380826894647757,0.0248183467935143));
#3678=CARTESIAN_POINT('',(0.029082689218668,0.0381992354955409,0.0248183466700762));
#3679=CARTESIAN_POINT('',(0.0289941974279077,0.0383255965705436,0.02477396260344));
#3680=CARTESIAN_POINT('',(-0.028,0.00365720906943581,0.021));
#3681=CARTESIAN_POINT('',(-0.028,0.037,0.021));
#3682=CARTESIAN_POINT('',(-0.0313784034294564,0.0395338025720924,0.0231415859235242));
#3683=CARTESIAN_POINT('',(-0.0313784034294565,0.0395338025720924,0.0231415859235242));
#3684=CARTESIAN_POINT('',(-0.0314255409241569,0.0393948897606945,0.0230672253891171));
#3685=CARTESIAN_POINT('',(-0.0314812362827372,0.039061969344914,0.0229699127349988));
#3686=CARTESIAN_POINT('',(-0.0313748547999586,0.0385892676436538,0.0231541083360052));
#3687=CARTESIAN_POINT('',(-0.0311700539225865,0.0382489322022169,0.0234500993900825));
#3688=CARTESIAN_POINT('',(-0.0308081166528269,0.0379049897800913,0.0238742457289024));
#3689=CARTESIAN_POINT('',(-0.0301961406810185,0.0376677164323453,0.0243954381220576));
#3690=CARTESIAN_POINT('',(-0.0295837908342564,0.0378133816762253,0.0246832724015286));
#3691=CARTESIAN_POINT('',(-0.0293255965705435,0.0379941974279076,0.0247739626034399));
#3692=CARTESIAN_POINT('',(-0.030523889711638,0.040365186282184,0.0231622953744114));
#3693=CARTESIAN_POINT('',(-0.0311749371479955,0.0401749371479955,0.0234583806290648));
#3694=CARTESIAN_POINT('',(-0.031365186282184,0.039523889711638,0.0231622953744114));
#3695=CARTESIAN_POINT('',(-0.0306782557272437,0.0405710076363256,0.0228419750306996));
#3696=CARTESIAN_POINT('',(-0.0314209850680679,0.0404209850680622,0.0231395744822103));
#3697=CARTESIAN_POINT('',(-0.0315710076363269,0.0396782557272431,0.0228419750306976));
#3698=CARTESIAN_POINT('',(-0.0309178972596383,0.040890529679515,0.0221421943717319));
#3699=CARTESIAN_POINT('',(-0.0318395021862637,0.0408395021862661,0.0223876495926675));
#3700=CARTESIAN_POINT('',(-0.0318905296795144,0.0399178972596383,0.0221421943717329));
#3701=CARTESIAN_POINT('',(-0.0309999999999965,0.041,0.0213807460503375));
#3702=CARTESIAN_POINT('',(-0.0319999999999898,0.040999999999991,0.0214759325523432));
#3703=CARTESIAN_POINT('',(-0.032,0.039999999999997,0.0213807460503375));
#3704=CARTESIAN_POINT('',(-0.031,0.041,0.021));
#3705=CARTESIAN_POINT('',(-0.032,0.041,0.021));
#3706=CARTESIAN_POINT('',(-0.032,0.04,0.021));
#3707=CARTESIAN_POINT('',(-0.028,0.037,0.021));
#3708=CARTESIAN_POINT('',(-0.0305338025720923,0.0403784034294564,0.0231415859235242));
#3709=CARTESIAN_POINT('',(-0.0305338025720923,0.0403784034294564,0.0231415859235242));
#3710=CARTESIAN_POINT('',(-0.030715749751624,0.0403166630174338,0.0232389829120933));
#3711=CARTESIAN_POINT('',(-0.0310921459372963,0.0400938252531406,0.0233264176510925));
#3712=CARTESIAN_POINT('',(-0.0313166709307852,0.0397157264312102,0.0232389704285908));
#3713=CARTESIAN_POINT('',(-0.0313784034294564,0.0395338025720924,0.0231415859235242));
#3714=CARTESIAN_POINT('',(-0.016,0.037,0.021));
#3715=CARTESIAN_POINT('',(-0.0289941974279076,0.0383255965705436,0.0247739626034399));
#3716=CARTESIAN_POINT('',(-0.0288137658498232,0.038583242256943,0.024683465088177));
#3717=CARTESIAN_POINT('',(-0.0286668576241825,0.0391937939073908,0.0243973531684794));
#3718=CARTESIAN_POINT('',(-0.0289066583930482,0.0398108399808697,0.0238715810317299));
#3719=CARTESIAN_POINT('',(-0.0292496711074948,0.0401705807151445,0.0234493346422836));
#3720=CARTESIAN_POINT('',(-0.0295915465553989,0.0403758424755349,0.0231525712942534));
#3721=CARTESIAN_POINT('',(-0.0300634223054264,0.0404811398882396,0.0229700511939767));
#3722=CARTESIAN_POINT('',(-0.0303957531095354,0.040425247962687,0.0230676875428994));
#3723=CARTESIAN_POINT('',(-0.0305338025720924,0.0403784034294565,0.0231415859235241));
#3724=CARTESIAN_POINT('',(-0.028,-0.037,0.025));
#3725=CARTESIAN_POINT('',(-0.028,-0.037,0.025));
#3726=CARTESIAN_POINT('',(-0.028,-0.037,0.025));
#3727=CARTESIAN_POINT('',(-0.0284530838073803,-0.0373398128555352,0.025));
#3728=CARTESIAN_POINT('',(-0.0283964483424707,-0.0373964483424689,0.0249999999999947));
#3729=CARTESIAN_POINT('',(-0.0283398128555344,-0.0374530838073786,0.025));
#3730=CARTESIAN_POINT('',(-0.0289060674519011,-0.0376795505889307,0.0249222859035981));
#3731=CARTESIAN_POINT('',(-0.0287999143016144,-0.0377999143016343,0.0249401960547164));
#3732=CARTESIAN_POINT('',(-0.0286795505889258,-0.0379060674519051,0.0249222859035967));
#3733=CARTESIAN_POINT('',(-0.0293332425962014,-0.0379999319471511,0.0247712682455209));
#3734=CARTESIAN_POINT('',(-0.0291763891133537,-0.0381763891133537,0.0248267200805749));
#3735=CARTESIAN_POINT('',(-0.0289999319471511,-0.0383332425962014,0.0247712682455209));
#3736=CARTESIAN_POINT('',(-0.0293255965705435,-0.0379941974279077,0.02477396260344));
#3737=CARTESIAN_POINT('',(-0.0291992351441135,-0.0380826894647757,0.0248183467935143));
#3738=CARTESIAN_POINT('',(-0.029082689218668,-0.0381992354955409,0.0248183466700762));
#3739=CARTESIAN_POINT('',(-0.0289941974279077,-0.0383255965705436,0.02477396260344));
#3740=CARTESIAN_POINT('',(-0.0301,-0.0391,-0.003002));
#3741=CARTESIAN_POINT('',(-0.0301,0.0391,-0.003002));
#3742=CARTESIAN_POINT('',(0.0301,0.0391,-0.003002));
#3743=CARTESIAN_POINT('',(0.0301,-0.0391,-0.003002));
#3744=CARTESIAN_POINT('',(-0.01527,-0.041,0.031));
#3745=CARTESIAN_POINT('',(-0.0119951854043669,-0.0320025208455978,0.017425185404367));
#3746=CARTESIAN_POINT('',(-0.0119951854043669,-0.0320025208455978,0.0108748145956331));
#3747=CARTESIAN_POINT('',(0.016,-0.041,0.0076));
#3748=CARTESIAN_POINT('',(0.0168773674990816,-0.0407180195212243,0.00770263250091846));
#3749=CARTESIAN_POINT('',(0.01698,-0.041,0.031));
#3750=CARTESIAN_POINT('',(0.0168773674990816,-0.0407180195212243,0.0205973674990816));
#3751=CARTESIAN_POINT('',(0.016,-0.041,0.0207));
#3752=CARTESIAN_POINT('',(-0.014,-0.0207,0.006));
#3753=CARTESIAN_POINT('',(-0.014,-0.0207,0.006));
#3754=CARTESIAN_POINT('',(-0.01,-0.0207,0.006));
#3755=CARTESIAN_POINT('',(0.0101727750704622,-0.00725712831610088,0.006));
#3756=CARTESIAN_POINT('',(-0.014,-0.0207,0.006));
#3757=CARTESIAN_POINT('',(-0.01275,-0.0207,0.006));
#3758=CARTESIAN_POINT('',(-0.014,-0.0207,0.));
#3759=CARTESIAN_POINT('',(-0.014,-0.0207,0.));
#3760=CARTESIAN_POINT('',(-0.01275,-0.0207,0.));
#3761=CARTESIAN_POINT('',(0.012,-0.0207,0.006));
#3762=CARTESIAN_POINT('',(0.012,-0.0207,0.006));
#3763=CARTESIAN_POINT('',(0.016,-0.0207,0.006));
#3764=CARTESIAN_POINT('',(0.0101727750704622,-0.00725712831610088,0.006));
#3765=CARTESIAN_POINT('',(0.012,-0.0207,0.006));
#3766=CARTESIAN_POINT('',(0.01325,-0.0207,0.006));
#3767=CARTESIAN_POINT('',(0.012,-0.0207,0.));
#3768=CARTESIAN_POINT('',(0.012,-0.0207,0.));
#3769=CARTESIAN_POINT('',(0.01325,-0.0207,0.));
#3770=CARTESIAN_POINT('',(0.012935,0.02026,0.006));
#3771=CARTESIAN_POINT('',(0.012935,0.02026,0.006));
#3772=CARTESIAN_POINT('',(0.016935,0.02026,0.006));
#3773=CARTESIAN_POINT('',(0.0101727750704622,-0.00725712831610088,0.006));
#3774=CARTESIAN_POINT('',(0.012935,0.02026,0.006));
#3775=CARTESIAN_POINT('',(0.014185,0.02026,0.006));
#3776=CARTESIAN_POINT('',(0.012935,0.02026,0.));
#3777=CARTESIAN_POINT('',(0.012935,0.02026,0.));
#3778=CARTESIAN_POINT('',(0.014185,0.02026,0.));
#3779=CARTESIAN_POINT('',(-0.015,0.0203,0.006));
#3780=CARTESIAN_POINT('',(-0.015,0.0203,0.006));
#3781=CARTESIAN_POINT('',(-0.011,0.0203,0.006));
#3782=CARTESIAN_POINT('',(0.0101727750704622,-0.00725712831610088,0.006));
#3783=CARTESIAN_POINT('',(-0.015,0.0203,0.006));
#3784=CARTESIAN_POINT('',(-0.01375,0.0203,0.006));
#3785=CARTESIAN_POINT('',(-0.015,0.0203,0.));
#3786=CARTESIAN_POINT('',(-0.015,0.0203,0.));
#3787=CARTESIAN_POINT('',(-0.01375,0.0203,0.));
#3788=CARTESIAN_POINT('',(0.,0.,0.));
#3789=CARTESIAN_POINT('',(0.,0.,0.));
#3790=CARTESIAN_POINT('',(0.,0.,0.));
#3791=CARTESIAN_POINT('',(0.,0.,0.));
#3792=CARTESIAN_POINT('',(-6.44325862505671E-18,-0.059,0.));
#3793=CARTESIAN_POINT('',(-0.016,-0.053,0.));
#3794=CARTESIAN_POINT('',(-0.01375,-0.053,0.));
#3795=CARTESIAN_POINT('',(0.016,-0.053,0.));
#3796=CARTESIAN_POINT('',(0.01825,-0.053,0.));
#3797=CARTESIAN_POINT('',(0.021,-0.049,0.));
#3798=CARTESIAN_POINT('',(0.021,-0.059,0.));
#3799=CARTESIAN_POINT('',(0.031,-0.049,0.));
#3800=CARTESIAN_POINT('',(-4.46071750965465E-18,-0.049,0.));
#3801=CARTESIAN_POINT('',(-0.031,-0.049,0.));
#3802=CARTESIAN_POINT('',(-0.021,-0.049,0.));
#3803=CARTESIAN_POINT('',(-0.021,-0.059,0.));
#3804=CARTESIAN_POINT('',(-6.44325862505671E-18,-0.059,0.));
#3805=CARTESIAN_POINT('',(-0.031,-0.059,-0.003));
#3806=CARTESIAN_POINT('',(-0.031,-0.049,0.));
#3807=CARTESIAN_POINT('',(-0.031,-0.049,0.005));
#3808=CARTESIAN_POINT('',(-0.031,-0.0474833147735479,0.000235583359543164));
#3809=CARTESIAN_POINT('',(-0.031,-0.0474833147735479,-0.003));
#3810=CARTESIAN_POINT('',(0.031,-0.059,0.031));
#3811=CARTESIAN_POINT('',(0.031,-0.0474833147735479,0.031));
#3812=CARTESIAN_POINT('',(0.031,-0.0474833147735479,0.000235583359543164));
#3813=CARTESIAN_POINT('',(0.031,-0.049,0.005));
#3814=CARTESIAN_POINT('',(0.031,-0.049,-0.003));
#3815=CARTESIAN_POINT('',(-4.75809867696496E-18,-0.059,0.014));
#3816=CARTESIAN_POINT('',(0.021,-0.059,0.));
#3817=CARTESIAN_POINT('',(-0.021,-0.059,-0.003));
#3818=CARTESIAN_POINT('',(0.036,-0.0474833147735479,-0.003));
#3819=CARTESIAN_POINT('',(0.031,-0.0474833147735479,0.000235583359543164));
#3820=CARTESIAN_POINT('',(0.031,-0.0469211097417211,0.000414553447668588));
#3821=CARTESIAN_POINT('',(0.0311896021796688,-0.0458902504254349,0.000966244117956745));
#3822=CARTESIAN_POINT('',(0.0319636936474622,-0.0443549555077946,0.00257701467559307));
#3823=CARTESIAN_POINT('',(0.0326871524130466,-0.0436834262314077,0.00403472815858194));
#3824=CARTESIAN_POINT('',(0.0332222222222222,-0.0433259176771324,0.005));
#3825=CARTESIAN_POINT('',(-0.036,-0.0474833147735479,-0.003));
#3826=CARTESIAN_POINT('',(-0.031,-0.0474833147735479,0.000235583359543164));
#3827=CARTESIAN_POINT('',(-0.031,-0.0469211097417211,0.000414553447668589));
#3828=CARTESIAN_POINT('',(-0.0311896021796676,-0.0458902504254356,0.000966244117957718));
#3829=CARTESIAN_POINT('',(-0.0319636936474682,-0.0443549555077905,0.00257701467558821));
#3830=CARTESIAN_POINT('',(-0.0326871524130199,-0.0436834262314256,0.0040347281586034));
#3831=CARTESIAN_POINT('',(-0.0332222222222223,-0.0433259176771324,0.005));
#3832=CARTESIAN_POINT('',(0.021,-0.049,0.014));
#3833=CARTESIAN_POINT('',(-0.021,-0.049,0.014));
#3834=CARTESIAN_POINT('',(0.031,-0.04,0.005));
#3835=CARTESIAN_POINT('',(0.031,-0.049,0.005));
#3836=CARTESIAN_POINT('',(-0.0175,-0.049,0.005));
#3837=CARTESIAN_POINT('',(-0.031,-0.049,0.005));
#3838=CARTESIAN_POINT('',(-0.031,-0.04,0.005));
#3839=CARTESIAN_POINT('',(0.016,-0.053,-0.005));
#3840=CARTESIAN_POINT('',(-0.016,-0.053,-0.005));
#3841=CARTESIAN_POINT('',(3.46944695195361E-18,0.059,0.));
#3842=CARTESIAN_POINT('',(0.016,0.053,0.));
#3843=CARTESIAN_POINT('',(0.01825,0.053,0.));
#3844=CARTESIAN_POINT('',(-0.016,0.053,0.));
#3845=CARTESIAN_POINT('',(-0.01375,0.053,0.));
#3846=CARTESIAN_POINT('',(3.46944695195361E-18,0.059,0.));
#3847=CARTESIAN_POINT('',(0.021,0.059,0.));
#3848=CARTESIAN_POINT('',(-0.021,0.059,0.));
#3849=CARTESIAN_POINT('',(-0.021,0.049,0.));
#3850=CARTESIAN_POINT('',(-0.031,0.049,0.));
#3851=CARTESIAN_POINT('',(3.46944695195361E-18,0.049,0.));
#3852=CARTESIAN_POINT('',(0.031,0.049,0.));
#3853=CARTESIAN_POINT('',(0.021,0.049,0.));
#3854=CARTESIAN_POINT('',(0.031,0.059,-0.003));
#3855=CARTESIAN_POINT('',(0.031,0.049,0.));
#3856=CARTESIAN_POINT('',(0.031,0.049,0.005));
#3857=CARTESIAN_POINT('',(0.031,0.0474833147735479,0.000235583359543176));
#3858=CARTESIAN_POINT('',(0.031,0.0474833147735479,-0.003));
#3859=CARTESIAN_POINT('',(-0.031,0.059,-0.003));
#3860=CARTESIAN_POINT('',(-0.031,0.049,0.005));
#3861=CARTESIAN_POINT('',(-0.031,0.0474833147735479,0.000235583359543176));
#3862=CARTESIAN_POINT('',(-0.031,0.049,-0.003));
#3863=CARTESIAN_POINT('',(-0.031,0.0474833147735479,-0.003));
#3864=CARTESIAN_POINT('',(6.93889390390723E-18,0.059,0.014));
#3865=CARTESIAN_POINT('',(-0.021,0.059,0.));
#3866=CARTESIAN_POINT('',(0.021,0.059,-0.003));
#3867=CARTESIAN_POINT('',(0.036,0.0474833147735479,-0.003));
#3868=CARTESIAN_POINT('',(0.031,0.0474833147735479,0.000235583359543176));
#3869=CARTESIAN_POINT('',(0.031,0.0469211097417211,0.000414553447668601));
#3870=CARTESIAN_POINT('',(0.0311896021796681,0.0458902504254353,0.000966244117957325));
#3871=CARTESIAN_POINT('',(0.0319636936474658,0.0443549555077922,0.00257701467559018));
#3872=CARTESIAN_POINT('',(0.0326871524130306,0.0436834262314184,0.00403472815859479));
#3873=CARTESIAN_POINT('',(0.0332222222222223,0.0433259176771324,0.005));
#3874=CARTESIAN_POINT('',(0.031,0.04,0.005));
#3875=CARTESIAN_POINT('',(0.031,0.049,0.005));
#3876=CARTESIAN_POINT('',(0.0175,0.049,0.005));
#3877=CARTESIAN_POINT('',(-0.031,0.049,0.005));
#3878=CARTESIAN_POINT('',(-0.031,0.04,0.005));
#3879=CARTESIAN_POINT('',(-0.031,0.0474833147735479,0.000235583359543176));
#3880=CARTESIAN_POINT('',(-0.031,0.0469211097417211,0.0004145534476686));
#3881=CARTESIAN_POINT('',(-0.031189602179666,0.0458902504254367,0.000966244117958991));
#3882=CARTESIAN_POINT('',(-0.0319636936474762,0.0443549555077852,0.00257701467558183));
#3883=CARTESIAN_POINT('',(-0.0326871524129848,0.0436834262314489,0.00403472815863143));
#3884=CARTESIAN_POINT('',(-0.0332222222222222,0.0433259176771324,0.005));
#3885=CARTESIAN_POINT('',(-0.036,0.0474833147735479,-0.003));
#3886=CARTESIAN_POINT('',(-0.021,0.049,0.014));
#3887=CARTESIAN_POINT('',(0.021,0.049,0.014));
#3888=CARTESIAN_POINT('',(-0.016,0.053,-0.005));
#3889=CARTESIAN_POINT('',(0.016,0.053,-0.005));
#3890=MECHANICAL_DESIGN_GEOMETRIC_PRESENTATION_REPRESENTATION('',(#2123),
#3891);
#3891=(
GEOMETRIC_REPRESENTATION_CONTEXT(3)
GLOBAL_UNCERTAINTY_ASSIGNED_CONTEXT((#3892))
GLOBAL_UNIT_ASSIGNED_CONTEXT((#3895,#3894,#3893))
REPRESENTATION_CONTEXT('Box','TOP_LEVEL_ASSEMBLY_PART')
);
#3892=UNCERTAINTY_MEASURE_WITH_UNIT(LENGTH_MEASURE(2.E-5),#3895,
'DISTANCE_ACCURACY_VALUE','Maximum Tolerance applied to model');
#3893=(
NAMED_UNIT(*)
SI_UNIT($,.STERADIAN.)
SOLID_ANGLE_UNIT()
);
#3894=(
NAMED_UNIT(*)
PLANE_ANGLE_UNIT()
SI_UNIT($,.RADIAN.)
);
#3895=(
LENGTH_UNIT()
NAMED_UNIT(*)
SI_UNIT($,.METRE.)
);
#3896=PRODUCT_DEFINITION_SHAPE('','',#3897);
#3897=PRODUCT_DEFINITION('','',#3899,#3898);
#3898=PRODUCT_DEFINITION_CONTEXT('',#3905,'design');
#3899=PRODUCT_DEFINITION_FORMATION_WITH_SPECIFIED_SOURCE('','',#3901,
 .NOT_KNOWN.);
#3900=PRODUCT_RELATED_PRODUCT_CATEGORY('','',(#3901));
#3901=PRODUCT('Box','Box','Box',(#3903));
#3902=PRODUCT_CATEGORY('','');
#3903=PRODUCT_CONTEXT('',#3905,'mechanical');
#3904=APPLICATION_PROTOCOL_DEFINITION('international standard',
'ap242_managed_model_based_3d_engineering',2020,#3905);
#3905=APPLICATION_CONTEXT('managed model based 3d engineering');
ENDSEC;
END-ISO-10303-21;
